"state","stateName","question","questionLabel","citation","sourceUrl","readAt","readAtName","verified","attested","page"
"AL","Alabama","can-a-med-spa-offer-compounded-glp-1","Compounded GLP-1","Ala. Code § 34-23-11(a) (a practitioner’s own compounding is OUTSIDE the Pharmacy Act — but only PERSONALLY, and only for his or her own patient)","https://alison.legislature.state.al.us/graphql?query=query%28%24displayId%3AString%21%29%7BcodesOfAlabama%28where%3A%7Btype%3A%7Beq%3ASection%7D%2CdisplayId%3A%7Beq%3A%24displayId%7D%7D%2Cversions%3Atrue%29%7Bdata%7BdisplayId%20title%20content%7D%7D%7D&variables=%7B%22displayId%22%3A%2234-23-11%22%7D","","","2026-09-07","true","https://medsparadar.com/states/alabama/q/can-a-med-spa-offer-compounded-glp-1"
"AL","Alabama","can-a-medical-assistant-inject","Medical assistants","Ala. Admin. Code r. 610-X-6-.01(5); 610-X-6-.03(6)","https://admincode.legislature.state.al.us/api/chapter/610-X-6","","","2026-09-08","true","https://medsparadar.com/states/alabama/q/can-a-medical-assistant-inject"
"AL","Alabama","can-a-non-physician-own-a-med-spa","Non-physician ownership","Ala. Admin. Code r. 540-X-1 (Board duties — professional corporations)","https://admincode.legislature.state.al.us/api/chapter/540-X-1","","","2026-09-04","true","https://medsparadar.com/states/alabama/q/can-a-non-physician-own-a-med-spa"
"AL","Alabama","can-a-nurse-practitioner-work-without-a-physician","NP independence","Ala. Admin. Code r. 540-X-11-.02(5) (definition of “Level 1 Delegate”)","https://admincode.legislature.state.al.us/api/chapter/540-X-11","","","2026-09-04","true","https://medsparadar.com/states/alabama/q/can-a-nurse-practitioner-work-without-a-physician"
"AL","Alabama","can-a-physician-assistant-inject-or-prescribe","Physician assistants","Ala. Admin. Code r. 540-X-7-.27(2)–(3) (Prohibited activities and functions — physician assistants)","https://admincode.legislature.state.al.us/api/chapter/540-X-7","","","2026-09-08","true","https://medsparadar.com/states/alabama/q/can-a-physician-assistant-inject-or-prescribe"
"AL","Alabama","can-an-rn-inject-botox-or-filler","RN injecting","Ala. Admin. Code r. 540-X-11-.02(5) (definition of “Level 1 Delegate”)","https://admincode.legislature.state.al.us/api/chapter/540-X-11","","","2026-09-04","true","https://medsparadar.com/states/alabama/q/can-an-rn-inject-botox-or-filler"
"AL","Alabama","can-the-exam-be-done-by-telehealth","Telehealth exams","Ala. Code § 34-24-703(b)(1), (d)","https://alison.legislature.state.al.us/graphql?query=query%28%24displayId%3AString%21%29%7BcodesOfAlabama%28where%3A%7Btype%3A%7Beq%3ASection%7D%2CdisplayId%3A%7Beq%3A%24displayId%7D%7D%2Cversions%3Atrue%29%7Bdata%7BdisplayId%20title%20content%7D%7D%7D&variables=%7B%22displayId%22%3A%2234-24-703%22%7D","","","2026-09-08","true","https://medsparadar.com/states/alabama/q/can-the-exam-be-done-by-telehealth"
"AL","Alabama","can-the-state-shut-down-an-unlicensed-med-spa","Shutdown powers","Ala. Admin. Code r. 540-X-1 (Board duties — temporary suspension)","https://admincode.legislature.state.al.us/api/chapter/540-X-1","","","2026-09-04","true","https://medsparadar.com/states/alabama/q/can-the-state-shut-down-an-unlicensed-med-spa"
"AL","Alabama","does-a-med-spa-need-to-register","Registration & licensing","Ala. Admin. Code r. 250-X-2-.01 (what it costs to open — the Board’s own fee schedule, in dollars)","https://admincode.legislature.state.al.us/api/chapter/250-X-2","","","2026-09-06","true","https://medsparadar.com/states/alabama/q/does-a-med-spa-need-to-register"
"AL","Alabama","is-a-medical-director-required","Medical director required?","Ala. Admin. Code r. 540-X-11-.06(1) (Initial training requirements for physicians and delegates)","https://admincode.legislature.state.al.us/api/chapter/540-X-11","","","2026-09-04","true","https://medsparadar.com/states/alabama/q/is-a-medical-director-required"
"AL","Alabama","is-an-exam-required-before-treatment","Exam before treatment","Ala. Admin. Code r. 540-X-11-.05(3) (Written protocols — patient selection)","https://admincode.legislature.state.al.us/api/chapter/540-X-11","","","2026-09-04","true","https://medsparadar.com/states/alabama/q/is-an-exam-required-before-treatment"
"AL","Alabama","may-an-esthetician-perform-microneedling","Esthetician microneedling","Ala. Admin. Code r. 540-X-11-.02(6) (definition of “Level 2 Delegate”)","https://admincode.legislature.state.al.us/api/chapter/540-X-11","","","2026-09-04","true","https://medsparadar.com/states/alabama/q/may-an-esthetician-perform-microneedling"
"AL","Alabama","must-someone-be-on-site-during-treatment","On-site presence","Ala. Admin. Code r. 540-X-11-.04(2)(f)-(g) (Delegation and supervision)","https://admincode.legislature.state.al.us/api/chapter/540-X-11","","","2026-09-04","true","https://medsparadar.com/states/alabama/q/must-someone-be-on-site-during-treatment"
"AL","Alabama","what-business-structure-is-required","Structure limits","Ala. Admin. Code r. 540-X-1 (Board duties — professional corporations)","https://admincode.legislature.state.al.us/api/chapter/540-X-1","","","2026-09-04","true","https://medsparadar.com/states/alabama/q/what-business-structure-is-required"
"AL","Alabama","what-can-a-med-spa-advertise","Advertising limits","Ala. Admin. Code r. 250-X (Board of Cosmetology and Barbering — grounds for board action)","https://www.aboc.alabama.gov/sites/default/files/2026-06/Rules%20and%20Regs%20Document%205.15.2026.pdf","","","2026-09-04","true","https://medsparadar.com/states/alabama/q/what-can-a-med-spa-advertise"
"AL","Alabama","what-can-a-practitioner-be-disciplined-for","Grounds for discipline","Ala. Admin. Code r. 540-X-7-.12 (Discipline of license — physician assistant — grounds)","https://admincode.legislature.state.al.us/api/chapter/540-X-7","","","2026-09-04","true","https://medsparadar.com/states/alabama/q/what-can-a-practitioner-be-disciplined-for"
"AL","Alabama","what-does-it-cost-to-open","License fees","Ala. Admin. Code r. 250-X-2-.01 (what it costs to open — the Board’s own fee schedule, in dollars)","https://admincode.legislature.state.al.us/api/chapter/250-X-2","","","2026-09-06","true","https://medsparadar.com/states/alabama/q/what-does-it-cost-to-open"
"AL","Alabama","what-happens-if-you-practice-without-a-license","Unlicensed practice","Ala. Code § 34-24-51","https://alison.legislature.state.al.us/graphql?query=query%28%24displayId%3AString%21%29%7BcodesOfAlabama%28where%3A%7Btype%3A%7Beq%3ASection%7D%2CdisplayId%3A%7Beq%3A%24displayId%7D%7D%2Cversions%3Atrue%29%7Bdata%7BdisplayId%20title%20content%7D%7D%7D&variables=%7B%22displayId%22%3A%2234-24-51%22%7D","","","2026-09-08","true","https://medsparadar.com/states/alabama/q/what-happens-if-you-practice-without-a-license"
"AL","Alabama","what-must-be-reported-to-the-board","Reporting duties","Ala. Admin. Code r. 540-X-11-.13(1)-(3) (Registration of physicians using lasers)","https://admincode.legislature.state.al.us/api/chapter/540-X-11","","","2026-09-04","true","https://medsparadar.com/states/alabama/q/what-must-be-reported-to-the-board"
"AL","Alabama","what-must-the-supervising-physician-do","Supervising physician duties","Ala. Admin. Code r. 540-X-11-.05 (Written protocols)","https://admincode.legislature.state.al.us/api/chapter/540-X-11","","","2026-09-04","true","https://medsparadar.com/states/alabama/q/what-must-the-supervising-physician-do"
"AL","Alabama","who-enforces-deceptive-med-spa-marketing","Marketing enforcement","Ala. Code § 8-19-8(a)","https://alison.legislature.state.al.us/graphql?query=query%28%24displayId%3AString%21%29%7BcodesOfAlabama%28where%3A%7Btype%3A%7Beq%3ASection%7D%2CdisplayId%3A%7Beq%3A%24displayId%7D%7D%2Cversions%3Atrue%29%7Bdata%7BdisplayId%20title%20content%7D%7D%7D&variables=%7B%22displayId%22%3A%228-19-8%22%7D","","","2026-09-08","true","https://medsparadar.com/states/alabama/q/who-enforces-deceptive-med-spa-marketing"
"AL","Alabama","who-may-operate-a-cosmetic-laser","Laser & energy devices","Ala. Admin. Code r. 540-X-11-.01(1) (Purpose)","https://admincode.legislature.state.al.us/api/chapter/540-X-11","","","2026-09-04","true","https://medsparadar.com/states/alabama/q/who-may-operate-a-cosmetic-laser"
"AK","Alaska","can-a-med-spa-offer-compounded-glp-1","Compounded GLP-1","AS 08.80.480(4) (definition of “compounding” — and what it does NOT reach)","https://www.akleg.gov/basis/statutes.asp?media=print&secStart=08.80.480&secEnd=08.80.480","","","2026-09-06","true","https://medsparadar.com/states/alaska/q/can-a-med-spa-offer-compounded-glp-1"
"AK","Alaska","can-a-medical-assistant-inject","Medical assistants","AS 08.68.805 (Delegation of nursing functions)","https://www.akleg.gov/basis/statutes.asp?media=print&secStart=08.68.805&secEnd=08.68.805","","","2026-09-08","true","https://medsparadar.com/states/alaska/q/can-a-medical-assistant-inject"
"AK","Alaska","can-a-non-clinical-owner-take-a-percentage","Fees to a non-clinical owner","AS 08.64 (surveyed), AS 08.68 (surveyed), AS 08.13 (surveyed), AS 08.01 (surveyed); 12 AAC 40, 12 AAC 02 and 12 AAC 09 (surveyed)","https://www.akleg.gov/basis/statutes.asp?media=print&secStart=08.64.010&secEnd=08.64.380","","","2026-09-05","true","https://medsparadar.com/states/alaska/q/can-a-non-clinical-owner-take-a-percentage"
"AK","Alaska","can-a-non-physician-own-a-med-spa","Non-physician ownership","AS 08.64 (surveyed), AS 08.68 (surveyed), AS 08.13 (surveyed), AS 08.01 (surveyed); 12 AAC 40, 12 AAC 02 and 12 AAC 09 (surveyed)","https://www.akleg.gov/basis/statutes.asp?media=print&secStart=08.64.010&secEnd=08.64.380","","","2026-09-05","true","https://medsparadar.com/states/alaska/q/can-a-non-physician-own-a-med-spa"
"AK","Alaska","can-a-nurse-practitioner-work-without-a-physician","NP independence","12 AAC 44.410, 44.430, 44.435, 44.440 (APRN article — collaboration rule repealed; scope and prescriptive authority)","https://www.akleg.gov/basis/aac.asp?media=print&secStart=12.44.400&secEnd=12.44.480","","","2026-09-08","true","https://medsparadar.com/states/alaska/q/can-a-nurse-practitioner-work-without-a-physician"
"AK","Alaska","can-a-physician-assistant-inject-or-prescribe","Physician assistants","12 AAC 40.410(a) (A physician assistant may not practice without a collaborative relationship)","https://www.akleg.gov/basis/aac.asp?media=print&secStart=12.40.410&secEnd=12.40.410","","","2026-09-05","true","https://medsparadar.com/states/alaska/q/can-a-physician-assistant-inject-or-prescribe"
"AK","Alaska","can-an-rn-inject-botox-or-filler","RN injecting","AS 08.68.805 (Delegation of nursing functions)","https://www.akleg.gov/basis/statutes.asp?media=print&secStart=08.68.805&secEnd=08.68.805","","","2026-09-05","true","https://medsparadar.com/states/alaska/q/can-an-rn-inject-botox-or-filler"
"AK","Alaska","can-the-exam-be-done-by-telehealth","Telehealth exams","AS 08.64.364(a) (Prescription of drugs without physical examination)","https://www.akleg.gov/basis/statutes.asp?media=print&secStart=08.64.364&secEnd=08.64.364","","","2026-09-05","true","https://medsparadar.com/states/alaska/q/can-the-exam-be-done-by-telehealth"
"AK","Alaska","can-the-state-shut-down-an-unlicensed-med-spa","Shutdown powers","AS 08.64.331(a), (c) (Disciplinary sanctions)","https://www.akleg.gov/basis/statutes.asp?media=print&secStart=08.64.331&secEnd=08.64.331","","","2026-09-08","true","https://medsparadar.com/states/alaska/q/can-the-state-shut-down-an-unlicensed-med-spa"
"AK","Alaska","does-a-med-spa-need-to-register","Registration & licensing","AS 08.80.480(4) (definition of “compounding” — and what it does NOT reach)","https://www.akleg.gov/basis/statutes.asp?media=print&secStart=08.80.480&secEnd=08.80.480","","","2026-09-06","true","https://medsparadar.com/states/alaska/q/does-a-med-spa-need-to-register"
"AK","Alaska","is-a-medical-director-required","Medical director required?","12 AAC 40.920(a)(1)-(3) (Standards for delegation of routine duties)","https://www.akleg.gov/basis/aac.asp?media=print&secStart=12.40.920&secEnd=12.40.920","","","2026-09-05","true","https://medsparadar.com/states/alaska/q/is-a-medical-director-required"
"AK","Alaska","is-an-exam-required-before-treatment","Exam before treatment","AS 08.64.364(a) (Prescription of drugs without physical examination)","https://www.akleg.gov/basis/statutes.asp?media=print&secStart=08.64.364&secEnd=08.64.364","","","2026-09-05","true","https://medsparadar.com/states/alaska/q/is-an-exam-required-before-treatment"
"AK","Alaska","may-an-esthetician-perform-microneedling","Esthetician microneedling","12 AAC 09.990(b)(1)(A)-(C) (Definitions — “appliances” in the field of esthetics)","https://www.akleg.gov/basis/aac.asp?media=print&secStart=12.09.010&secEnd=12.09.990","","","2026-09-07","true","https://medsparadar.com/states/alaska/q/may-an-esthetician-perform-microneedling"
"AK","Alaska","must-someone-be-on-site-during-treatment","On-site presence","12 AAC 40.920(b) (Availability for consultation)","https://www.akleg.gov/basis/aac.asp?media=print&secStart=12.40.920&secEnd=12.40.920","","","2026-09-05","true","https://medsparadar.com/states/alaska/q/must-someone-be-on-site-during-treatment"
"AK","Alaska","what-business-structure-is-required","Structure limits","AS 10.45.010","https://www.akleg.gov/basis/statutes.asp?media=print&secStart=10.45.010&secEnd=10.45.010","","","2026-09-08","true","https://medsparadar.com/states/alaska/q/what-business-structure-is-required"
"AK","Alaska","what-can-a-med-spa-advertise","Advertising limits","AS 08.64.326(a)(3) (Grounds for discipline — advertising)","https://www.akleg.gov/basis/statutes.asp?media=print&secStart=08.64.326&secEnd=08.64.326","","","2026-09-05","true","https://medsparadar.com/states/alaska/q/what-can-a-med-spa-advertise"
"AK","Alaska","what-can-a-practitioner-be-disciplined-for","Grounds for discipline","AS 08.64.326(a)(2) (Deceit or misrepresentation in practice)","https://www.akleg.gov/basis/statutes.asp?media=print&secStart=08.64.326&secEnd=08.64.326","","","2026-09-05","true","https://medsparadar.com/states/alaska/q/what-can-a-practitioner-be-disciplined-for"
"AK","Alaska","what-does-it-cost-to-open","License fees","12 AAC 02.140(a)(1)(A) (what it costs to open — the nonrefundable application fee)","https://www.akleg.gov/basis/aac.asp?media=print&secStart=12.02.010&secEnd=12.02.900","","","2026-09-06","true","https://medsparadar.com/states/alaska/q/what-does-it-cost-to-open"
"AK","Alaska","what-happens-if-you-practice-without-a-license","Unlicensed practice","AS 08.64.360 (Penalty for practicing without a license)","https://www.akleg.gov/basis/statutes.asp?media=print&secStart=08.64.360&secEnd=08.64.360","","","2026-09-05","true","https://medsparadar.com/states/alaska/q/what-happens-if-you-practice-without-a-license"
"AK","Alaska","what-must-be-reported-to-the-board","Reporting duties","AS 08.64.345 (Reports relating to malpractice actions and claims)","https://www.akleg.gov/basis/statutes.asp?media=print&secStart=08.64.010&secEnd=08.64.380","","","2026-09-08","true","https://medsparadar.com/states/alaska/q/what-must-be-reported-to-the-board"
"AK","Alaska","what-must-the-supervising-physician-do","Supervising physician duties","12 AAC 40.920(a)(7) (Written instructions for a delegated duty)","https://www.akleg.gov/basis/aac.asp?media=print&secStart=12.40.920&secEnd=12.40.920","","","2026-09-05","true","https://medsparadar.com/states/alaska/q/what-must-the-supervising-physician-do"
"AK","Alaska","who-enforces-deceptive-med-spa-marketing","Marketing enforcement","AS 45.50.501(a) (The attorney general enforces by injunction)","https://www.akleg.gov/basis/statutes.asp?media=print&secStart=45.50.501&secEnd=45.50.501","","","2026-09-05","true","https://medsparadar.com/states/alaska/q/who-enforces-deceptive-med-spa-marketing"
"AK","Alaska","who-may-operate-a-cosmetic-laser","Laser & energy devices","12 AAC 09.990(b)(1)(D) (Definitions — no Class III or IV laser)","https://www.akleg.gov/basis/aac.asp?media=print&secStart=12.09.010&secEnd=12.09.990","","","2026-09-07","true","https://medsparadar.com/states/alaska/q/who-may-operate-a-cosmetic-laser"
"AK","Alaska","who-may-perform-the-pre-treatment-exam","Who performs the exam","12 AAC 40.920(f) (duties that may not be delegated)","https://www.akleg.gov/basis/aac.asp?media=print&secStart=12.40.920&secEnd=12.40.920","","","2026-09-08","true","https://medsparadar.com/states/alaska/q/who-may-perform-the-pre-treatment-exam"
"AZ","Arizona","can-a-med-spa-offer-compounded-glp-1","Compounded GLP-1","Ariz. Rev. Stat. § 32-1901 (“compounding”)","https://www.azleg.gov/ars/32/01901.htm","","","2026-09-02","true","https://medsparadar.com/states/arizona/q/can-a-med-spa-offer-compounded-glp-1"
"AZ","Arizona","can-a-medical-assistant-inject","Medical assistants","A.R.S. §32-1401","https://www.azleg.gov/ars/32/01401.htm","","","2026-07-26","true","https://medsparadar.com/states/arizona/q/can-a-medical-assistant-inject"
"AZ","Arizona","can-a-non-clinical-owner-take-a-percentage","Fees to a non-clinical owner","Ariz. Rev. Stat. § 32-1401(27)(v)","https://www.azleg.gov/ars/32/01401.htm","","","2026-09-02","true","https://medsparadar.com/states/arizona/q/can-a-non-clinical-owner-take-a-percentage"
"AZ","Arizona","can-a-non-physician-own-a-med-spa","Non-physician ownership","Ariz. Rev. Stat. § 32-1401(27)(v)","https://www.azleg.gov/ars/32/01401.htm","","","2026-09-02","true","https://medsparadar.com/states/arizona/q/can-a-non-physician-own-a-med-spa"
"AZ","Arizona","can-a-nurse-practitioner-work-without-a-physician","NP independence","A.R.S. §32-1601(23)","https://www.azleg.gov/ars/32/01601.htm","","","2026-07-26","true","https://medsparadar.com/states/arizona/q/can-a-nurse-practitioner-work-without-a-physician"
"AZ","Arizona","can-a-physician-assistant-inject-or-prescribe","Physician assistants","A.R.S. §32-1401(8)","https://www.azleg.gov/ars/32/01401.htm","","","2026-09-01","true","https://medsparadar.com/states/arizona/q/can-a-physician-assistant-inject-or-prescribe"
"AZ","Arizona","can-an-rn-inject-botox-or-filler","RN injecting","A.R.S. §32-1601(24)","https://www.azleg.gov/ars/32/01601.htm","","","2026-07-26","true","https://medsparadar.com/states/arizona/q/can-an-rn-inject-botox-or-filler"
"AZ","Arizona","can-the-exam-be-done-by-telehealth","Telehealth exams","A.R.S. §36-3602","https://www.azleg.gov/ars/36/03602.htm","","","2026-07-26","true","https://medsparadar.com/states/arizona/q/can-the-exam-be-done-by-telehealth"
"AZ","Arizona","can-the-state-shut-down-an-unlicensed-med-spa","Shutdown powers","A.R.S. §32-1454","https://www.azleg.gov/ars/32/01454.htm","","","2026-07-26","true","https://medsparadar.com/states/arizona/q/can-the-state-shut-down-an-unlicensed-med-spa"
"AZ","Arizona","does-a-med-spa-need-to-register","Registration & licensing","Ariz. Rev. Stat. § 32-1901 (“compounding”)","https://www.azleg.gov/ars/32/01901.htm","","","2026-09-02","true","https://medsparadar.com/states/arizona/q/does-a-med-spa-need-to-register"
"AZ","Arizona","is-a-medical-director-required","Medical director required?","A.R.S. §32-1401","https://www.azleg.gov/ars/32/01401.htm","","","2026-07-26","true","https://medsparadar.com/states/arizona/q/is-a-medical-director-required"
"AZ","Arizona","is-an-exam-required-before-treatment","Exam before treatment","A.R.S. §32-1401(27)","https://www.azleg.gov/ars/32/01401.htm","","","2026-07-26","true","https://medsparadar.com/states/arizona/q/is-an-exam-required-before-treatment"
"AZ","Arizona","may-an-esthetician-perform-microneedling","Esthetician microneedling","Ariz. Rev. Stat. § 32-501(2)","https://www.azleg.gov/ars/32/00501.htm","","","2026-09-02","true","https://medsparadar.com/states/arizona/q/may-an-esthetician-perform-microneedling"
"AZ","Arizona","what-business-structure-is-required","Structure limits","A.R.S. §10-2220(A)(4)","https://www.azleg.gov/ars/10/02220.htm","","","2026-07-26","true","https://medsparadar.com/states/arizona/q/what-business-structure-is-required"
"AZ","Arizona","what-can-a-med-spa-advertise","Advertising limits","A.R.S. §32-1401(27)","https://www.azleg.gov/ars/32/01401.htm","","","2026-07-26","true","https://medsparadar.com/states/arizona/q/what-can-a-med-spa-advertise"
"AZ","Arizona","what-can-a-practitioner-be-disciplined-for","Grounds for discipline","A.R.S. §32-1451","https://www.azleg.gov/ars/32/01451.htm","","","2026-07-26","true","https://medsparadar.com/states/arizona/q/what-can-a-practitioner-be-disciplined-for"
"AZ","Arizona","what-does-it-cost-to-open","License fees","Ariz. Rev. Stat. § 32-507(A)(1), (3), (6), (8), (9)","https://www.azleg.gov/ars/32/00507.htm","","","2026-09-02","true","https://medsparadar.com/states/arizona/q/what-does-it-cost-to-open"
"AZ","Arizona","what-happens-if-you-practice-without-a-license","Unlicensed practice","A.R.S. §32-1455(A)(1)","https://www.azleg.gov/ars/32/01455.htm","","","2026-07-26","true","https://medsparadar.com/states/arizona/q/what-happens-if-you-practice-without-a-license"
"AZ","Arizona","what-must-be-reported-to-the-board","Reporting duties","Ariz. Rev. Stat. § 32-1451(A) (Grounds for disciplinary action; duty to report)","https://www.azleg.gov/ars/32/01451.htm","","","2026-09-08","true","https://medsparadar.com/states/arizona/q/what-must-be-reported-to-the-board"
"AZ","Arizona","what-must-the-supervising-physician-do","Supervising physician duties","A.R.S. §32-1456(A) and (D)","https://www.azleg.gov/ars/32/01456.htm","","","2026-09-01","true","https://medsparadar.com/states/arizona/q/what-must-the-supervising-physician-do"
"AZ","Arizona","who-enforces-deceptive-med-spa-marketing","Marketing enforcement","A.R.S. §44-1522","https://www.azleg.gov/ars/44/01522.htm","","","2026-07-26","true","https://medsparadar.com/states/arizona/q/who-enforces-deceptive-med-spa-marketing"
"AZ","Arizona","who-may-operate-a-cosmetic-laser","Laser & energy devices","Ariz. Rev. Stat. § 32-516(A)–(B)","https://www.azleg.gov/ars/32/00516.htm","","","2026-09-08","true","https://medsparadar.com/states/arizona/q/who-may-operate-a-cosmetic-laser"
"AR","Arkansas","can-a-med-spa-offer-compounded-glp-1","Compounded GLP-1","17 CAR § 160-2201(b)(1)-(2) (Standards for compounding and dispensing compounded products — copies of commercially available drugs)","https://codeofarrules.arkansas.gov/Rules/Rule?levelType=section&titleID=17&chapterID=174&subChapterID=217&partID=770&subPartID=5563&sectionID=36139","","","2026-09-07","true","https://medsparadar.com/states/arkansas/q/can-a-med-spa-offer-compounded-glp-1"
"AR","Arkansas","can-a-medical-assistant-inject","Medical assistants","17 CAR § 140-2506(1)-(3) (Physician delegation — prohibitions)","https://codeofarrules.arkansas.gov/Rules/Rule?levelType=section&titleID=17&chapterID=173&subChapterID=216&partID=1045&subPartID=5604&sectionID=36330","","","2026-09-04","true","https://medsparadar.com/states/arkansas/q/can-a-medical-assistant-inject"
"AR","Arkansas","can-a-non-physician-own-a-med-spa","Non-physician ownership","17 CAR § 140-2601(3) (Ethical violations for physicians)","https://codeofarrules.arkansas.gov/Rules/Rule?levelType=section&titleID=17&chapterID=173&subChapterID=216&partID=1045&subPartID=5605&sectionID=36331","","","2026-09-04","true","https://medsparadar.com/states/arkansas/q/can-a-non-physician-own-a-med-spa"
"AR","Arkansas","can-a-nurse-practitioner-work-without-a-physician","NP independence","17 CAR § 123-702 (Full practice authority — certified nurse practitioner or clinical nurse specialist)","https://codeofarrules.arkansas.gov/Rules/Rule?levelType=section&titleID=17&chapterID=85&subChapterID=110&partID=1158&subPartID=6330&sectionID=41324","","","2026-09-08","true","https://medsparadar.com/states/arkansas/q/can-a-nurse-practitioner-work-without-a-physician"
"AR","Arkansas","can-a-physician-assistant-inject-or-prescribe","Physician assistants","17 CAR § 140-1806 (Availability of supervising physician)","https://codeofarrules.arkansas.gov/Rules/Rule?levelType=section&titleID=17&chapterID=173&subChapterID=216&partID=1045&subPartID=5597&sectionID=36302","","","2026-09-04","true","https://medsparadar.com/states/arkansas/q/can-a-physician-assistant-inject-or-prescribe"
"AR","Arkansas","can-an-rn-inject-botox-or-filler","RN injecting","17 CAR § 140-1806 (Availability of supervising physician)","https://codeofarrules.arkansas.gov/Rules/Rule?levelType=section&titleID=17&chapterID=173&subChapterID=216&partID=1045&subPartID=5597&sectionID=36302","","","2026-09-04","true","https://medsparadar.com/states/arkansas/q/can-an-rn-inject-botox-or-filler"
"AR","Arkansas","can-the-exam-be-done-by-telehealth","Telehealth exams","17 CAR § 140-3201(a) (Telemedicine — patient/provider relationship)","https://codeofarrules.arkansas.gov/Rules/Rule?levelType=section&titleID=17&chapterID=173&subChapterID=216&partID=1045&subPartID=5611&sectionID=36366","","","2026-09-04","true","https://medsparadar.com/states/arkansas/q/can-the-exam-be-done-by-telehealth"
"AR","Arkansas","can-the-state-shut-down-an-unlicensed-med-spa","Shutdown powers","17 CAR § 140-1701(b) (Reporting generally — consequence)","https://codeofarrules.arkansas.gov/Rules/Rule?levelType=section&titleID=17&chapterID=173&subChapterID=216&partID=1045&subPartID=5596&sectionID=36296","","","2026-09-04","true","https://medsparadar.com/states/arkansas/q/can-the-state-shut-down-an-unlicensed-med-spa"
"AR","Arkansas","does-a-med-spa-need-to-register","Registration & licensing","17 CAR § 140-2904(a)-(c) (Office-based surgery)","https://codeofarrules.arkansas.gov/Rules/Rule?levelType=section&titleID=17&chapterID=173&subChapterID=216&partID=1045&subPartID=5608&sectionID=36339","","","2026-09-04","true","https://medsparadar.com/states/arkansas/q/does-a-med-spa-need-to-register"
"AR","Arkansas","is-a-medical-director-required","Medical director required?","17 CAR § 140-1601(b)(2) (Laser surgery guidelines — protocol)","https://codeofarrules.arkansas.gov/Rules/Rule?levelType=section&titleID=17&chapterID=173&subChapterID=216&partID=1045&subPartID=5595&sectionID=36295","","","2026-09-04","true","https://medsparadar.com/states/arkansas/q/is-a-medical-director-required"
"AR","Arkansas","is-an-exam-required-before-treatment","Exam before treatment","17 CAR § 140-3201(a) (Telemedicine — patient/provider relationship)","https://codeofarrules.arkansas.gov/Rules/Rule?levelType=section&titleID=17&chapterID=173&subChapterID=216&partID=1045&subPartID=5611&sectionID=36366","","","2026-09-04","true","https://medsparadar.com/states/arkansas/q/is-an-exam-required-before-treatment"
"AR","Arkansas","may-an-esthetician-perform-microneedling","Esthetician microneedling","Ark. Dep't of Health, Cosmetology Section, Cosmetology FAQs (""Can cosmetologists or aestheticians perform Microneedling services?"")","https://healthy.arkansas.gov/programs-services/licensing-military-member-licensure-permits-plan-reviews/cosmetology/cosmetology-faqs/","","","2026-09-20","true","https://medsparadar.com/states/arkansas/q/may-an-esthetician-perform-microneedling"
"AR","Arkansas","must-someone-be-on-site-during-treatment","On-site presence","17 CAR § 140-2904(d) (Office-based surgery — anesthesia)","https://codeofarrules.arkansas.gov/Rules/Rule?levelType=section&titleID=17&chapterID=173&subChapterID=216&partID=1045&subPartID=5608&sectionID=36339","","","2026-09-04","true","https://medsparadar.com/states/arkansas/q/must-someone-be-on-site-during-treatment"
"AR","Arkansas","what-business-structure-is-required","Structure limits","Ark. Code Ann. § 4-29-307 (Medical Corporation Act — officers, directors, and shareholders)","https://www.armedicalboard.org/professionals/pdf/mpa.pdf","","","2026-09-08","true","https://medsparadar.com/states/arkansas/q/what-business-structure-is-required"
"AR","Arkansas","what-can-a-med-spa-advertise","Advertising limits","17 CAR § 140-2601(5) (Ethical violations for physicians)","https://codeofarrules.arkansas.gov/Rules/Rule?levelType=section&titleID=17&chapterID=173&subChapterID=216&partID=1045&subPartID=5605&sectionID=36331","","","2026-09-04","true","https://medsparadar.com/states/arkansas/q/what-can-a-med-spa-advertise"
"AR","Arkansas","what-can-a-practitioner-be-disciplined-for","Grounds for discipline","Ark. Code Ann. § 17-95-409(a)(1)–(2)(C)","https://www.armedicalboard.org/professionals/pdf/mpa.pdf","","","2026-09-08","true","https://medsparadar.com/states/arkansas/q/what-can-a-practitioner-be-disciplined-for"
"AR","Arkansas","what-does-it-cost-to-open","License fees","17 CAR § 54-401(b) (Fees for cosmetology)","https://codeofarrules.arkansas.gov/Rules/Rule?levelType=section&titleID=17&chapterID=93&subChapterID=118&partID=1234&subPartID=7483&sectionID=48768","","","2026-09-07","true","https://medsparadar.com/states/arkansas/q/what-does-it-cost-to-open"
"AR","Arkansas","what-happens-if-you-practice-without-a-license","Unlicensed practice","Ark. Code Ann. § 17-95-409(a)(2)(C) (Unprofessional conduct — grounds for revocation or suspension)","https://www.armedicalboard.org/professionals/pdf/mpa.pdf","","","2026-09-04","true","https://medsparadar.com/states/arkansas/q/what-happens-if-you-practice-without-a-license"
"AR","Arkansas","what-must-be-reported-to-the-board","Reporting duties","Ark. Code Ann. § 17-80-117(a)-(c) (Substance Abuse Reporting Act)","https://www.armedicalboard.org/professionals/pdf/mpa.pdf","","","2026-09-08","true","https://medsparadar.com/states/arkansas/q/what-must-be-reported-to-the-board"
"AR","Arkansas","what-must-the-supervising-physician-do","Supervising physician duties","17 CAR § 140-1601(b)(2) (Laser surgery guidelines — protocol)","https://codeofarrules.arkansas.gov/Rules/Rule?levelType=section&titleID=17&chapterID=173&subChapterID=216&partID=1045&subPartID=5595&sectionID=36295","","","2026-09-04","true","https://medsparadar.com/states/arkansas/q/what-must-the-supervising-physician-do"
"AR","Arkansas","who-may-operate-a-cosmetic-laser","Laser & energy devices","17 CAR § 140-1601(a)(3) (Laser surgery guidelines)","https://codeofarrules.arkansas.gov/Rules/Rule?levelType=section&titleID=17&chapterID=173&subChapterID=216&partID=1045&subPartID=5595&sectionID=36295","","","2026-09-04","true","https://medsparadar.com/states/arkansas/q/who-may-operate-a-cosmetic-laser"
"CA","California","can-a-management-company-run-the-business-side","Management companies (MSO)","Cal. Bus. & Prof. Code § 650(b)","https://leginfo.legislature.ca.gov/faces/codes_displaySection.xhtml?lawCode=BPC&sectionNum=650","https://california.public.law/codes/ca_bus_and_prof_code_section_650","Public.Law — California Codes","2026-09-02","true","https://medsparadar.com/states/california/q/can-a-management-company-run-the-business-side"
"CA","California","can-a-med-spa-offer-compounded-glp-1","Compounded GLP-1","Cal. Bus. & Prof. Code § 4126.8","https://leginfo.legislature.ca.gov/faces/codes_displaySection.xhtml?lawCode=BPC&sectionNum=4126.8","https://california.public.law/codes/ca_bus_and_prof_code_section_4126.8","Public.Law — California Codes","2026-09-02","true","https://medsparadar.com/states/california/q/can-a-med-spa-offer-compounded-glp-1"
"CA","California","can-a-medical-assistant-inject","Medical assistants","Medical Board of California — Medical Spas guidance (Delegation to unlicensed staff)","https://www.mbc.ca.gov/Download/Documents/medical-spas-business.pdf","","","2026-09-08","true","https://medsparadar.com/states/california/q/can-a-medical-assistant-inject"
"CA","California","can-a-non-clinical-owner-take-a-percentage","Fees to a non-clinical owner","Cal. Bus. & Prof. Code § 650(a)","https://leginfo.legislature.ca.gov/faces/codes_displaySection.xhtml?lawCode=BPC&sectionNum=650","https://california.public.law/codes/ca_bus_and_prof_code_section_650","Public.Law — California Codes","2026-09-02","true","https://medsparadar.com/states/california/q/can-a-non-clinical-owner-take-a-percentage"
"CA","California","can-a-non-physician-own-a-med-spa","Non-physician ownership","Cal. Bus. & Prof. Code § 650(a)","https://leginfo.legislature.ca.gov/faces/codes_displaySection.xhtml?lawCode=BPC&sectionNum=650","https://california.public.law/codes/ca_bus_and_prof_code_section_650","Public.Law — California Codes","2026-09-02","true","https://medsparadar.com/states/california/q/can-a-non-physician-own-a-med-spa"
"CA","California","can-a-nurse-practitioner-work-without-a-physician","NP independence","Cal. Bus. & Prof. Code §2837.103","https://leginfo.legislature.ca.gov/faces/codes_displaySection.xhtml?lawCode=BPC&sectionNum=2837.103.","https://california.public.law/codes/ca_bus_and_prof_code_section_2837.103","Public.Law — California Codes","2026-07-26","true","https://medsparadar.com/states/california/q/can-a-nurse-practitioner-work-without-a-physician"
"CA","California","can-a-physician-assistant-inject-or-prescribe","Physician assistants","Medical Board of California — Medical Spas: What You Need to Know (Physician Assistants)","https://www.mbc.ca.gov/Download/Documents/medical-spas-business.pdf","","","2026-09-01","true","https://medsparadar.com/states/california/q/can-a-physician-assistant-inject-or-prescribe"
"CA","California","can-an-rn-inject-botox-or-filler","RN injecting","Cal. Bus. & Prof. Code §2725","https://leginfo.legislature.ca.gov/faces/codes_displaySection.xhtml?lawCode=BPC&sectionNum=2725.","https://california.public.law/codes/ca_bus_and_prof_code_section_2725","Public.Law — California Codes","2026-07-26","true","https://medsparadar.com/states/california/q/can-an-rn-inject-botox-or-filler"
"CA","California","can-private-equity-invest-in-a-med-spa","Private-equity investment","Cal. SB 351 (2025), Health & Safety Code §§1190–1192","https://leginfo.legislature.ca.gov/faces/billTextClient.xhtml?bill_id=202520260SB351","https://california.public.law/codes/ca_health_and_safety_code_section_1191","Public.Law — California Codes","2026-07-26","true","https://medsparadar.com/states/california/q/can-private-equity-invest-in-a-med-spa"
"CA","California","can-the-exam-be-done-by-telehealth","Telehealth exams","Cal. Bus. & Prof. Code §2242(a)","https://leginfo.legislature.ca.gov/faces/codes_displaySection.xhtml?lawCode=BPC&sectionNum=2242.","https://california.public.law/codes/ca_bus_and_prof_code_section_2242","Public.Law — California Codes","2026-09-08","true","https://medsparadar.com/states/california/q/can-the-exam-be-done-by-telehealth"
"CA","California","can-the-state-shut-down-an-unlicensed-med-spa","Shutdown powers","Cal. Bus. & Prof. Code §2227(a)","https://leginfo.legislature.ca.gov/faces/codes_displaySection.xhtml?lawCode=BPC&sectionNum=2227.","https://california.public.law/codes/ca_bus_and_prof_code_section_2227","Public.Law — California Codes","2026-09-08","true","https://medsparadar.com/states/california/q/can-the-state-shut-down-an-unlicensed-med-spa"
"CA","California","does-a-med-spa-need-to-register","Registration & licensing","Cal. Bus. & Prof. Code § 4127(a)","https://leginfo.legislature.ca.gov/faces/codes_displaySection.xhtml?lawCode=BPC&sectionNum=4127","https://california.public.law/codes/ca_bus_and_prof_code_section_4127","Public.Law — California Codes","2026-09-02","true","https://medsparadar.com/states/california/q/does-a-med-spa-need-to-register"
"CA","California","is-a-medical-director-required","Medical director required?","Medical Board of California — Medical Spas guidance (the medical-director role)","https://www.mbc.ca.gov/Download/Documents/medical-spas-business.pdf","","","2026-09-08","true","https://medsparadar.com/states/california/q/is-a-medical-director-required"
"CA","California","is-an-exam-required-before-treatment","Exam before treatment","Cal. Bus. & Prof. Code §2242(a)","https://leginfo.legislature.ca.gov/faces/codes_displaySection.xhtml?lawCode=BPC&sectionNum=2242.","https://california.public.law/codes/ca_bus_and_prof_code_section_2242","Public.Law — California Codes","2026-07-26","true","https://medsparadar.com/states/california/q/is-an-exam-required-before-treatment"
"CA","California","may-an-esthetician-perform-microneedling","Esthetician microneedling","Cal. Bd. of Barbering & Cosmetology, Industry Bulletin, Micro Needling/Derma Rolling (June 5, 2014)","https://www.barbercosmo.ca.gov/forms_pubs/publications/micro.pdf","","","2026-09-20","true","https://medsparadar.com/states/california/q/may-an-esthetician-perform-microneedling"
"CA","California","must-someone-be-on-site-during-treatment","On-site presence","Medical Board of California — Medical Spas: What You Need to Know (Physician Assistants)","https://www.mbc.ca.gov/Download/Documents/medical-spas-business.pdf","","","2026-09-01","true","https://medsparadar.com/states/california/q/must-someone-be-on-site-during-treatment"
"CA","California","what-business-structure-is-required","Structure limits","Cal. Corp. Code §13401.5(a)","https://leginfo.legislature.ca.gov/faces/codes_displaySection.xhtml?lawCode=CORP&sectionNum=13401.5.","https://california.public.law/codes/ca_corp_code_section_13401.5","Public.Law — California Codes","2026-09-01","true","https://medsparadar.com/states/california/q/what-business-structure-is-required"
"CA","California","what-can-a-med-spa-advertise","Advertising limits","Cal. Bus. & Prof. Code §651","https://leginfo.legislature.ca.gov/faces/codes_displaySection.xhtml?lawCode=BPC&sectionNum=651.","https://california.public.law/codes/ca_bus_and_prof_code_section_651","Public.Law — California Codes","2026-07-26","true","https://medsparadar.com/states/california/q/what-can-a-med-spa-advertise"
"CA","California","what-can-a-practitioner-be-disciplined-for","Grounds for discipline","Cal. Bus. & Prof. Code §2242","https://leginfo.legislature.ca.gov/faces/codes_displaySection.xhtml?lawCode=BPC&sectionNum=2242.","https://california.public.law/codes/ca_bus_and_prof_code_section_2242","Public.Law — California Codes","2026-07-26","true","https://medsparadar.com/states/california/q/what-can-a-practitioner-be-disciplined-for"
"CA","California","what-does-it-cost-to-open","License fees","Cal. Code Regs. tit. 16, § 998(c), (g), (h)","https://www.barbercosmo.ca.gov/laws_regs/article_12.pdf","","","2026-09-02","true","https://medsparadar.com/states/california/q/what-does-it-cost-to-open"
"CA","California","what-happens-if-you-practice-without-a-license","Unlicensed practice","Cal. Bus. & Prof. Code §2052","https://leginfo.legislature.ca.gov/faces/codes_displaySection.xhtml?lawCode=BPC&sectionNum=2052.","https://california.public.law/codes/ca_bus_and_prof_code_section_2052","Public.Law — California Codes","2026-07-26","true","https://medsparadar.com/states/california/q/what-happens-if-you-practice-without-a-license"
"CA","California","what-must-the-supervising-physician-do","Supervising physician duties","Cal. Code Regs. tit. 16, §1364.50","https://govt.westlaw.com/calregs","https://www.law.cornell.edu/regulations/california/16-CCR-1364.50","Cornell Legal Information Institute","2026-09-01","true","https://medsparadar.com/states/california/q/what-must-the-supervising-physician-do"
"CA","California","who-enforces-deceptive-med-spa-marketing","Marketing enforcement","Cal. Bus. & Prof. Code §17500","https://leginfo.legislature.ca.gov/faces/codes_displaySection.xhtml?lawCode=BPC&sectionNum=17500.","https://california.public.law/codes/ca_bus_and_prof_code_section_17500","Public.Law — California Codes","2026-07-26","true","https://medsparadar.com/states/california/q/who-enforces-deceptive-med-spa-marketing"
"CA","California","who-may-operate-a-cosmetic-laser","Laser & energy devices","Cal. Bus. & Prof. Code §2052; Medical Board of California — Medical Spas guidance","https://www.mbc.ca.gov/Download/Documents/medical-spas-business.pdf","","","2026-07-26","true","https://medsparadar.com/states/california/q/who-may-operate-a-cosmetic-laser"
"CA","California","who-may-perform-the-pre-treatment-exam","Who performs the exam","Medical Board of California — Medical Spas guidance","https://www.mbc.ca.gov/Download/Documents/medical-spas-business.pdf","","","2026-07-26","true","https://medsparadar.com/states/california/q/who-may-perform-the-pre-treatment-exam"
"CO","Colorado","can-a-med-spa-offer-compounded-glp-1","Compounded GLP-1","Colo. Rev. Stat. § 12-280-120(4)","https://leg.colorado.gov/sites/default/files/images/olls/crs2024-title-12.pdf","","","2026-09-02","true","https://medsparadar.com/states/colorado/q/can-a-med-spa-offer-compounded-glp-1"
"CO","Colorado","can-a-medical-assistant-inject","Medical assistants","Colo. Rev. Stat. § 12-240-107(3)(l)","https://leg.colorado.gov/sites/default/files/images/olls/crs2024-title-12.pdf","","","2026-09-02","true","https://medsparadar.com/states/colorado/q/can-a-medical-assistant-inject"
"CO","Colorado","can-a-non-clinical-owner-take-a-percentage","Fees to a non-clinical owner","Colo. Rev. Stat. § 12-240-132(2)","https://leg.colorado.gov/sites/default/files/images/olls/crs2024-title-12.pdf","","","2026-09-02","true","https://medsparadar.com/states/colorado/q/can-a-non-clinical-owner-take-a-percentage"
"CO","Colorado","can-a-non-physician-own-a-med-spa","Non-physician ownership","Colo. Rev. Stat. § 12-240-121(1)(g)(I)","https://leg.colorado.gov/sites/default/files/images/olls/crs2024-title-12.pdf","","","2026-09-02","true","https://medsparadar.com/states/colorado/q/can-a-non-physician-own-a-med-spa"
"CO","Colorado","can-a-nurse-practitioner-work-without-a-physician","NP independence","Colo. Rev. Stat. § 12-255-112(1)(a), (3)(a)","https://leg.colorado.gov/sites/default/files/images/olls/crs2024-title-12.pdf","","","2026-09-02","true","https://medsparadar.com/states/colorado/q/can-a-nurse-practitioner-work-without-a-physician"
"CO","Colorado","can-a-physician-assistant-inject-or-prescribe","Physician assistants","Colo. Rev. Stat. § 12-240-114.5(2)(a)","https://leg.colorado.gov/sites/default/files/images/olls/crs2024-title-12.pdf","","","2026-09-08","true","https://medsparadar.com/states/colorado/q/can-a-physician-assistant-inject-or-prescribe"
"CO","Colorado","can-an-rn-inject-botox-or-filler","RN injecting","Colo. Rev. Stat. § 12-255-112(1)(a), (3)(a)","https://leg.colorado.gov/sites/default/files/images/olls/crs2024-title-12.pdf","","","2026-09-02","true","https://medsparadar.com/states/colorado/q/can-an-rn-inject-botox-or-filler"
"CO","Colorado","can-private-equity-invest-in-a-med-spa","Private-equity investment","Colo. Rev. Stat. § 12-240-138(1)(d)(I)","https://leg.colorado.gov/sites/default/files/images/olls/crs2024-title-12.pdf","","","2026-09-02","true","https://medsparadar.com/states/colorado/q/can-private-equity-invest-in-a-med-spa"
"CO","Colorado","can-the-exam-be-done-by-telehealth","Telehealth exams","Colo. Rev. Stat. § 12-240-107(1)(g); § 12-240-121(1)(aa)","https://leg.colorado.gov/sites/default/files/images/olls/crs2024-title-12.pdf","","","2026-09-02","true","https://medsparadar.com/states/colorado/q/can-the-exam-be-done-by-telehealth"
"CO","Colorado","can-the-state-shut-down-an-unlicensed-med-spa","Shutdown powers","Colo. Rev. Stat. § 12-240-135(1), (7)","https://leg.colorado.gov/sites/default/files/images/olls/crs2024-title-12.pdf","","","2026-09-08","true","https://medsparadar.com/states/colorado/q/can-the-state-shut-down-an-unlicensed-med-spa"
"CO","Colorado","does-a-med-spa-need-to-register","Registration & licensing","Colo. Rev. Stat. § 12-280-120(4)","https://leg.colorado.gov/sites/default/files/images/olls/crs2024-title-12.pdf","","","2026-09-02","true","https://medsparadar.com/states/colorado/q/does-a-med-spa-need-to-register"
"CO","Colorado","is-a-medical-director-required","Medical director required?","Colo. Rev. Stat. art. 240 of tit. 12, surveyed in full; the sole medical-director reference is § 12-240-107(3)(y)","https://leg.colorado.gov/sites/default/files/images/olls/crs2024-title-12.pdf","","","2026-09-02","true","https://medsparadar.com/states/colorado/q/is-a-medical-director-required"
"CO","Colorado","is-an-exam-required-before-treatment","Exam before treatment","Colo. Rev. Stat. art. 240 of tit. 12, surveyed in full; the examination provisions are at § 12-240-125","https://leg.colorado.gov/sites/default/files/images/olls/crs2024-title-12.pdf","","","2026-09-02","true","https://medsparadar.com/states/colorado/q/is-an-exam-required-before-treatment"
"CO","Colorado","may-an-esthetician-perform-microneedling","Esthetician microneedling","Colo. Rev. Stat. § 12-240-107(3)(l)","https://leg.colorado.gov/sites/default/files/images/olls/crs2024-title-12.pdf","","","2026-09-02","true","https://medsparadar.com/states/colorado/q/may-an-esthetician-perform-microneedling"
"CO","Colorado","what-business-structure-is-required","Structure limits","Colo. Rev. Stat. § 12-240-121(1)(g)(I)","https://leg.colorado.gov/sites/default/files/images/olls/crs2024-title-12.pdf","","","2026-09-02","true","https://medsparadar.com/states/colorado/q/what-business-structure-is-required"
"CO","Colorado","what-can-a-med-spa-advertise","Advertising limits","Colo. Rev. Stat. § 12-240-132(1)(a)","https://leg.colorado.gov/sites/default/files/images/olls/crs2024-title-12.pdf","","","2026-09-02","true","https://medsparadar.com/states/colorado/q/what-can-a-med-spa-advertise"
"CO","Colorado","what-can-a-practitioner-be-disciplined-for","Grounds for discipline","Colo. Rev. Stat. § 12-240-121(1)(o)","https://leg.colorado.gov/sites/default/files/images/olls/crs2024-title-12.pdf","","","2026-09-02","true","https://medsparadar.com/states/colorado/q/what-can-a-practitioner-be-disciplined-for"
"CO","Colorado","what-does-it-cost-to-open","License fees","Colo. Rev. Stat. § 12-20-105(1), (2)(a), (2)(b)(I)","https://leg.colorado.gov/sites/default/files/images/olls/crs2024-title-12.pdf","","","2026-09-02","true","https://medsparadar.com/states/colorado/q/what-does-it-cost-to-open"
"CO","Colorado","what-happens-if-you-practice-without-a-license","Unlicensed practice","Colo. Rev. Stat. § 12-240-121(1)(p); § 12-240-135(3)","https://leg.colorado.gov/sites/default/files/images/olls/crs2024-title-12.pdf","","","2026-09-02","true","https://medsparadar.com/states/colorado/q/what-happens-if-you-practice-without-a-license"
"CO","Colorado","who-enforces-deceptive-med-spa-marketing","Marketing enforcement","Colo. Rev. Stat. § 12-240-132(1)(a)","https://leg.colorado.gov/sites/default/files/images/olls/crs2024-title-12.pdf","","","2026-09-02","true","https://medsparadar.com/states/colorado/q/who-enforces-deceptive-med-spa-marketing"
"CO","Colorado","who-may-operate-a-cosmetic-laser","Laser & energy devices","Colo. Rev. Stat. § 12-240-107(1)(a)","https://leg.colorado.gov/sites/default/files/images/olls/crs2024-title-12.pdf","","","2026-09-02","true","https://medsparadar.com/states/colorado/q/who-may-operate-a-cosmetic-laser"
"CT","Connecticut","can-a-management-company-run-the-business-side","Management companies (MSO)","Conn. Gen. Stat. §33-182c(c)","https://www.cga.ct.gov/current/pub/chap_594a.htm","","","2026-09-03","true","https://medsparadar.com/states/connecticut/q/can-a-management-company-run-the-business-side"
"CT","Connecticut","can-a-med-spa-offer-compounded-glp-1","Compounded GLP-1","Conn. Gen. Stat. §20-633b(d) (Sterile compounding pharmacies — patient-specific supply)","https://www.cga.ct.gov/current/pub/chap_400j.htm","","","2026-09-07","true","https://medsparadar.com/states/connecticut/q/can-a-med-spa-offer-compounded-glp-1"
"CT","Connecticut","can-a-non-physician-own-a-med-spa","Non-physician ownership","Conn. Gen. Stat. §33-182c(a) (Organization)","https://www.cga.ct.gov/current/pub/chap_594a.htm","","","2026-09-03","true","https://medsparadar.com/states/connecticut/q/can-a-non-physician-own-a-med-spa"
"CT","Connecticut","can-a-nurse-practitioner-work-without-a-physician","NP independence","Conn. Gen. Stat. §20-87a(b)(2)(A)","https://www.cga.ct.gov/current/pub/chap_378.htm","","","2026-09-03","true","https://medsparadar.com/states/connecticut/q/can-a-nurse-practitioner-work-without-a-physician"
"CT","Connecticut","can-a-physician-assistant-inject-or-prescribe","Physician assistants","Conn. Gen. Stat. §19a-903c(b) (Medical spas)","https://www.cga.ct.gov/current/pub/chap_368ll.htm","","","2026-09-03","true","https://medsparadar.com/states/connecticut/q/can-a-physician-assistant-inject-or-prescribe"
"CT","Connecticut","can-an-rn-inject-botox-or-filler","RN injecting","Conn. Gen. Stat. §20-87a(b)(2)(A)","https://www.cga.ct.gov/current/pub/chap_378.htm","","","2026-09-03","true","https://medsparadar.com/states/connecticut/q/can-an-rn-inject-botox-or-filler"
"CT","Connecticut","can-the-exam-be-done-by-telehealth","Telehealth exams","Conn. Gen. Stat. §19a-906(b)(1)","https://www.cga.ct.gov/current/pub/chap_368ll.htm","","","2026-09-08","true","https://medsparadar.com/states/connecticut/q/can-the-exam-be-done-by-telehealth"
"CT","Connecticut","can-the-state-shut-down-an-unlicensed-med-spa","Shutdown powers","Conn. Gen. Stat. §20-13c(4)","https://www.cga.ct.gov/current/pub/chap_370.htm","","","2026-09-03","true","https://medsparadar.com/states/connecticut/q/can-the-state-shut-down-an-unlicensed-med-spa"
"CT","Connecticut","does-a-med-spa-need-to-register","Registration & licensing","Conn. Gen. Stat. §19a-903c(a)(1)","https://www.cga.ct.gov/current/pub/chap_368ll.htm","","","2026-09-03","true","https://medsparadar.com/states/connecticut/q/does-a-med-spa-need-to-register"
"CT","Connecticut","is-a-medical-director-required","Medical director required?","Conn. Gen. Stat. §19a-903c(b) (Medical spas)","https://www.cga.ct.gov/current/pub/chap_368ll.htm","","","2026-09-03","true","https://medsparadar.com/states/connecticut/q/is-a-medical-director-required"
"CT","Connecticut","is-an-exam-required-before-treatment","Exam before treatment","Conn. Gen. Stat. §19a-903c(c)","https://www.cga.ct.gov/current/pub/chap_368ll.htm","","","2026-09-03","true","https://medsparadar.com/states/connecticut/q/is-an-exam-required-before-treatment"
"CT","Connecticut","may-an-esthetician-perform-microneedling","Esthetician microneedling","Conn. Gen. Stat. §20-265a(4) (“Esthetics” defined — exclusions)","https://www.cga.ct.gov/current/pub/chap_387.htm","","","2026-09-07","true","https://medsparadar.com/states/connecticut/q/may-an-esthetician-perform-microneedling"
"CT","Connecticut","must-someone-be-on-site-during-treatment","On-site presence","Conn. Gen. Stat. §20-12b(a) (Temporary permit)","https://www.cga.ct.gov/current/pub/chap_370.htm","","","2026-09-08","true","https://medsparadar.com/states/connecticut/q/must-someone-be-on-site-during-treatment"
"CT","Connecticut","what-business-structure-is-required","Structure limits","Conn. Gen. Stat. §33-182c(a) (Organization)","https://www.cga.ct.gov/current/pub/chap_594a.htm","","","2026-09-03","true","https://medsparadar.com/states/connecticut/q/what-business-structure-is-required"
"CT","Connecticut","what-can-a-med-spa-advertise","Advertising limits","Conn. Gen. Stat. §19a-903c(d)(1)","https://www.cga.ct.gov/current/pub/chap_368ll.htm","","","2026-09-03","true","https://medsparadar.com/states/connecticut/q/what-can-a-med-spa-advertise"
"CT","Connecticut","what-can-a-practitioner-be-disciplined-for","Grounds for discipline","Conn. Gen. Stat. §20-13c(1)–(6)","https://www.cga.ct.gov/current/pub/chap_370.htm","","","2026-09-08","true","https://medsparadar.com/states/connecticut/q/what-can-a-practitioner-be-disciplined-for"
"CT","Connecticut","what-does-it-cost-to-open","License fees","Conn. Gen. Stat. §20-265b(a)-(b) (License or permit as an esthetician — fee)","https://www.cga.ct.gov/current/pub/chap_387.htm","","","2026-09-07","true","https://medsparadar.com/states/connecticut/q/what-does-it-cost-to-open"
"CT","Connecticut","what-happens-if-you-practice-without-a-license","Unlicensed practice","Conn. Gen. Stat. §20-14 (penalty for practicing medicine without a license)","https://www.cga.ct.gov/current/pub/chap_370.htm","","","2026-09-03","true","https://medsparadar.com/states/connecticut/q/what-happens-if-you-practice-without-a-license"
"CT","Connecticut","what-must-the-supervising-physician-do","Supervising physician duties","Conn. Gen. Stat. §20-12d(a)","https://www.cga.ct.gov/current/pub/chap_370.htm","","","2026-09-08","true","https://medsparadar.com/states/connecticut/q/what-must-the-supervising-physician-do"
"CT","Connecticut","who-enforces-deceptive-med-spa-marketing","Marketing enforcement","Conn. Gen. Stat. §42-110m(a)","https://www.cga.ct.gov/current/pub/chap_735a.htm","","","2026-09-08","true","https://medsparadar.com/states/connecticut/q/who-enforces-deceptive-med-spa-marketing"
"CT","Connecticut","who-may-operate-a-cosmetic-laser","Laser & energy devices","Conn. Gen. Stat. §19a-903c(a)(2), (b)","https://www.cga.ct.gov/current/pub/chap_368ll.htm","","","2026-09-03","true","https://medsparadar.com/states/connecticut/q/who-may-operate-a-cosmetic-laser"
"DE","Delaware","can-a-med-spa-offer-compounded-glp-1","Compounded GLP-1","24 Del. C. § 2502(7) (Delaware EXPRESSLY preserves office-use ordering by a prescriber)","https://delcode.delaware.gov/title24/c025/sc01","","","2026-09-06","true","https://medsparadar.com/states/delaware/q/can-a-med-spa-offer-compounded-glp-1"
"DE","Delaware","can-a-non-clinical-owner-take-a-percentage","Fees to a non-clinical owner","24 Del. Admin. Code § 1700-8.1.9 (Board of Medical Licensure and Discipline — unprofessional conduct: payment of a fee to a referring physician)","https://regulations.delaware.gov/api/AdminCode/title24/1700/e24af5d4-87a2-41f5-b8a6-eff2aaafeafd","","","2026-09-07","true","https://medsparadar.com/states/delaware/q/can-a-non-clinical-owner-take-a-percentage"
"DE","Delaware","can-a-non-physician-own-a-med-spa","Non-physician ownership","8 Del. C. §603(2)","https://delcode.delaware.gov/title8/c006/index.html","","","2026-09-03","true","https://medsparadar.com/states/delaware/q/can-a-non-physician-own-a-med-spa"
"DE","Delaware","can-a-nurse-practitioner-work-without-a-physician","NP independence","24 Del. C. §1902(b)","https://delcode.delaware.gov/title24/c019","","","2026-09-03","true","https://medsparadar.com/states/delaware/q/can-a-nurse-practitioner-work-without-a-physician"
"DE","Delaware","can-a-physician-assistant-inject-or-prescribe","Physician assistants","24 Del. C. §1770A(4)","https://delcode.delaware.gov/title24/c017/sc06","","","2026-09-03","true","https://medsparadar.com/states/delaware/q/can-a-physician-assistant-inject-or-prescribe"
"DE","Delaware","can-an-rn-inject-botox-or-filler","RN injecting","24 Del. C. §1902(b)","https://delcode.delaware.gov/title24/c019","","","2026-09-03","true","https://medsparadar.com/states/delaware/q/can-an-rn-inject-botox-or-filler"
"DE","Delaware","can-the-exam-be-done-by-telehealth","Telehealth exams","24 Del. C. §6003(a)","https://delcode.delaware.gov/title24/c060","","","2026-09-03","true","https://medsparadar.com/states/delaware/q/can-the-exam-be-done-by-telehealth"
"DE","Delaware","can-the-state-shut-down-an-unlicensed-med-spa","Shutdown powers","24 Del. C. §1731(a)","https://delcode.delaware.gov/title24/c017/sc04","","","2026-09-03","true","https://medsparadar.com/states/delaware/q/can-the-state-shut-down-an-unlicensed-med-spa"
"DE","Delaware","does-a-med-spa-need-to-register","Registration & licensing","24 Del. C. § 2502(7) (Delaware EXPRESSLY preserves office-use ordering by a prescriber)","https://delcode.delaware.gov/title24/c025/sc01","","","2026-09-06","true","https://medsparadar.com/states/delaware/q/does-a-med-spa-need-to-register"
"DE","Delaware","is-a-medical-director-required","Medical director required?","24 Del. C. §5124(1)","https://delcode.delaware.gov/title24/c051/sc02","","","2026-09-03","true","https://medsparadar.com/states/delaware/q/is-a-medical-director-required"
"DE","Delaware","is-an-exam-required-before-treatment","Exam before treatment","24 Del. C. §6003(a)","https://delcode.delaware.gov/title24/c060","","","2026-09-03","true","https://medsparadar.com/states/delaware/q/is-an-exam-required-before-treatment"
"DE","Delaware","may-an-esthetician-perform-microneedling","Esthetician microneedling","24 Del. C. §5124(1)","https://delcode.delaware.gov/title24/c051/sc02","","","2026-09-03","true","https://medsparadar.com/states/delaware/q/may-an-esthetician-perform-microneedling"
"DE","Delaware","must-someone-be-on-site-during-treatment","On-site presence","24 Del. C. §1770A(2) (Physician associates — “Collaboration”)","https://delcode.delaware.gov/title24/c017/sc06","","","2026-09-08","true","https://medsparadar.com/states/delaware/q/must-someone-be-on-site-during-treatment"
"DE","Delaware","what-business-structure-is-required","Structure limits","8 Del. C. §603(2)","https://delcode.delaware.gov/title8/c006/index.html","","","2026-09-03","true","https://medsparadar.com/states/delaware/q/what-business-structure-is-required"
"DE","Delaware","what-can-a-med-spa-advertise","Advertising limits","24 Del. C. §1731(b)(7)","https://delcode.delaware.gov/title24/c017/sc04","","","2026-09-03","true","https://medsparadar.com/states/delaware/q/what-can-a-med-spa-advertise"
"DE","Delaware","what-can-a-practitioner-be-disciplined-for","Grounds for discipline","24 Del. C. §1731(b)(11)","https://delcode.delaware.gov/title24/c017/sc04","","","2026-09-03","true","https://medsparadar.com/states/delaware/q/what-can-a-practitioner-be-disciplined-for"
"DE","Delaware","what-does-it-cost-to-open","License fees","24 Del. C. § 5110 (what it costs to open — Delaware sets fees by COST RECOVERY, not by a schedule)","https://delcode.delaware.gov/title24/c051/sc01","","","2026-09-06","true","https://medsparadar.com/states/delaware/q/what-does-it-cost-to-open"
"DE","Delaware","what-happens-if-you-practice-without-a-license","Unlicensed practice","24 Del. C. § 1766(a)","https://delcode.delaware.gov/title24/c017/sc05","","","2026-09-08","true","https://medsparadar.com/states/delaware/q/what-happens-if-you-practice-without-a-license"
"DE","Delaware","what-must-be-reported-to-the-board","Reporting duties","24 Del. C. § 1730(b)(1)","https://delcode.delaware.gov/title24/c017/sc04","","","2026-09-08","true","https://medsparadar.com/states/delaware/q/what-must-be-reported-to-the-board"
"DE","Delaware","what-must-the-supervising-physician-do","Supervising physician duties","24 DAC 1700 §§11.1.1, 11.1.3, 11.1.4, 11.1.7 (Delegation of responsibilities to non-physicians)","https://regulations.delaware.gov/api/AdminCode/title24/1700/e24af5d4-87a2-41f5-b8a6-eff2aaafeafd","","","2026-09-08","true","https://medsparadar.com/states/delaware/q/what-must-the-supervising-physician-do"
"DE","Delaware","who-enforces-deceptive-med-spa-marketing","Marketing enforcement","6 Del. C. § 2522(a)","https://delcode.delaware.gov/title6/c025/sc02","","","2026-09-08","true","https://medsparadar.com/states/delaware/q/who-enforces-deceptive-med-spa-marketing"
"DC","District of Columbia","can-a-med-spa-offer-compounded-glp-1","Compounded GLP-1","22-B DCMR § 1999.1 (Pharmacies — Definitions: “Compounding”)","https://dcregs.dc.gov/Common/DCMR/RuleList.aspx?DownloadFile={1DABE74D-6FCC-4522-827F-6EA59E475161}","","","2026-09-07","true","https://medsparadar.com/states/district-of-columbia/q/can-a-med-spa-offer-compounded-glp-1"
"DC","District of Columbia","can-a-medical-assistant-inject","Medical assistants","D.C. Code §3-1201.02(6D)","https://code.dccouncil.gov/us/dc/council/code/sections/3-1201.02","","","2026-09-08","true","https://medsparadar.com/states/district-of-columbia/q/can-a-medical-assistant-inject"
"DC","District of Columbia","can-a-non-clinical-owner-take-a-percentage","Fees to a non-clinical owner","D.C. Code §3-1205.14(a)(14)","https://code.dccouncil.gov/us/dc/council/code/sections/3-1205.14","","","2026-09-03","true","https://medsparadar.com/states/district-of-columbia/q/can-a-non-clinical-owner-take-a-percentage"
"DC","District of Columbia","can-a-non-physician-own-a-med-spa","Non-physician ownership","D.C. Code §29-505(a) (Purpose for organization; powers authorized)","https://code.dccouncil.gov/us/dc/council/code/sections/29-505","","","2026-09-03","true","https://medsparadar.com/states/district-of-columbia/q/can-a-non-physician-own-a-med-spa"
"DC","District of Columbia","can-a-nurse-practitioner-work-without-a-physician","NP independence","D.C. Code §3-1201.02(7)(C)","https://code.dccouncil.gov/us/dc/council/code/sections/3-1201.02","","","2026-09-03","true","https://medsparadar.com/states/district-of-columbia/q/can-a-nurse-practitioner-work-without-a-physician"
"DC","District of Columbia","can-a-physician-assistant-inject-or-prescribe","Physician assistants","D.C. Code §3-1201.02(7)(B)","https://code.dccouncil.gov/us/dc/council/code/sections/3-1201.02","","","2026-09-03","true","https://medsparadar.com/states/district-of-columbia/q/can-a-physician-assistant-inject-or-prescribe"
"DC","District of Columbia","can-an-rn-inject-botox-or-filler","RN injecting","D.C. Code §3-1201.02(17) (“Practice of registered nursing” defined)","https://code.dccouncil.gov/us/dc/council/code/sections/3-1201.02","","","2026-09-03","true","https://medsparadar.com/states/district-of-columbia/q/can-an-rn-inject-botox-or-filler"
"DC","District of Columbia","can-the-exam-be-done-by-telehealth","Telehealth exams","D.C. Code §3-1201.05(b)","https://code.dccouncil.gov/us/dc/council/code/sections/3-1201.05","","","2026-09-03","true","https://medsparadar.com/states/district-of-columbia/q/can-the-exam-be-done-by-telehealth"
"DC","District of Columbia","can-the-state-shut-down-an-unlicensed-med-spa","Shutdown powers","D.C. Code §3-1205.14(c)(6)-(9)","https://code.dccouncil.gov/us/dc/council/code/sections/3-1205.14","","","2026-09-03","true","https://medsparadar.com/states/district-of-columbia/q/can-the-state-shut-down-an-unlicensed-med-spa"
"DC","District of Columbia","does-a-med-spa-need-to-register","Registration & licensing","D.C. Code §3-1210.01 (Practicing without license, registration, or certification)","https://code.dccouncil.gov/us/dc/council/code/sections/3-1210.01","","","2026-09-03","true","https://medsparadar.com/states/district-of-columbia/q/does-a-med-spa-need-to-register"
"DC","District of Columbia","is-a-medical-director-required","Medical director required?","D.C. Code §3-1201.02(7)(A)(iv)","https://code.dccouncil.gov/us/dc/council/code/sections/3-1201.02","","","2026-09-03","true","https://medsparadar.com/states/district-of-columbia/q/is-a-medical-director-required"
"DC","District of Columbia","is-an-exam-required-before-treatment","Exam before treatment","D.C. Code §3-1201.05(b)","https://code.dccouncil.gov/us/dc/council/code/sections/3-1201.05","","","2026-09-03","true","https://medsparadar.com/states/district-of-columbia/q/is-an-exam-required-before-treatment"
"DC","District of Columbia","may-an-esthetician-perform-microneedling","Esthetician microneedling","17 DCMR § 3799.1 (Definitions — “Esthetics”; “Master esthetics”)","https://dcregs.dc.gov/Common/DCMR/RuleList.aspx?DownloadFile={FFB672B6-94A9-4383-97D4-1CE7D672B013}","","","2026-09-07","true","https://medsparadar.com/states/district-of-columbia/q/may-an-esthetician-perform-microneedling"
"DC","District of Columbia","what-business-structure-is-required","Structure limits","D.C. Code §29-505(a) (Purpose for organization; powers authorized)","https://code.dccouncil.gov/us/dc/council/code/sections/29-505","","","2026-09-03","true","https://medsparadar.com/states/district-of-columbia/q/what-business-structure-is-required"
"DC","District of Columbia","what-can-a-med-spa-advertise","Advertising limits","D.C. Code §3-1201.02(7)(A)(vii)","https://code.dccouncil.gov/us/dc/council/code/sections/3-1201.02","","","2026-09-03","true","https://medsparadar.com/states/district-of-columbia/q/what-can-a-med-spa-advertise"
"DC","District of Columbia","what-can-a-practitioner-be-disciplined-for","Grounds for discipline","D.C. Code §3-1205.14(a)(1) (Revocation, suspension, or denial of license)","https://code.dccouncil.gov/us/dc/council/code/sections/3-1205.14","","","2026-09-03","true","https://medsparadar.com/states/district-of-columbia/q/what-can-a-practitioner-be-disciplined-for"
"DC","District of Columbia","what-does-it-cost-to-open","License fees","17 DCMR § 3500.1 (Licensing Fees — Cosmetologists; Barbers)","https://dcregs.dc.gov/Common/DCMR/RuleList.aspx?DownloadFile={181E5E6E-A618-4268-981D-1289A2C3803E}","","","2026-09-07","true","https://medsparadar.com/states/district-of-columbia/q/what-does-it-cost-to-open"
"DC","District of Columbia","what-happens-if-you-practice-without-a-license","Unlicensed practice","D.C. Code §3-1210.01 (Practicing without license, registration, or certification)","https://code.dccouncil.gov/us/dc/council/code/sections/3-1210.01","","","2026-09-08","true","https://medsparadar.com/states/district-of-columbia/q/what-happens-if-you-practice-without-a-license"
"DC","District of Columbia","what-must-the-supervising-physician-do","Supervising physician duties","D.C. Code §3-1201.02(6D)","https://code.dccouncil.gov/us/dc/council/code/sections/3-1201.02","","","2026-09-08","true","https://medsparadar.com/states/district-of-columbia/q/what-must-the-supervising-physician-do"
"DC","District of Columbia","who-enforces-deceptive-med-spa-marketing","Marketing enforcement","D.C. Code §28-3909(a)","https://code.dccouncil.gov/us/dc/council/code/sections/28-3909","","","2026-09-08","true","https://medsparadar.com/states/district-of-columbia/q/who-enforces-deceptive-med-spa-marketing"
"DC","District of Columbia","who-may-operate-a-cosmetic-laser","Laser & energy devices","17 DCMR § 3799.1 (Definitions — “Practice of basic esthetics”)","https://dcregs.dc.gov/Common/DCMR/RuleList.aspx?DownloadFile={FFB672B6-94A9-4383-97D4-1CE7D672B013}","","","2026-09-08","true","https://medsparadar.com/states/district-of-columbia/q/who-may-operate-a-cosmetic-laser"
"FL","Florida","can-a-med-spa-offer-compounded-glp-1","Compounded GLP-1","Fla. Stat. § 465.0158(1)","https://www.flsenate.gov/Laws/Statutes/2024/465.0158","","","2026-09-02","true","https://medsparadar.com/states/florida/q/can-a-med-spa-offer-compounded-glp-1"
"FL","Florida","can-a-medical-assistant-inject","Medical assistants","Fla. Stat. §458.331(1)(f)","https://www.flsenate.gov/Laws/Statutes/2024/458.331","","","2026-07-26","true","https://medsparadar.com/states/florida/q/can-a-medical-assistant-inject"
"FL","Florida","can-a-non-clinical-owner-take-a-percentage","Fees to a non-clinical owner","Fla. Stat. § 456.054(2)","https://www.flsenate.gov/Laws/Statutes/2024/456.054","","","2026-09-02","true","https://medsparadar.com/states/florida/q/can-a-non-clinical-owner-take-a-percentage"
"FL","Florida","can-a-non-physician-own-a-med-spa","Non-physician ownership","Fla. Stat. § 456.054(2)","https://www.flsenate.gov/Laws/Statutes/2024/456.054","","","2026-09-02","true","https://medsparadar.com/states/florida/q/can-a-non-physician-own-a-med-spa"
"FL","Florida","can-a-nurse-practitioner-work-without-a-physician","NP independence","Fla. Stat. §464.012(3)","https://www.flsenate.gov/Laws/Statutes/2024/464.012","","","2026-07-26","true","https://medsparadar.com/states/florida/q/can-a-nurse-practitioner-work-without-a-physician"
"FL","Florida","can-a-physician-assistant-inject-or-prescribe","Physician assistants","Fla. Stat. §458.348(3)(e)","https://www.flsenate.gov/Laws/Statutes/2024/458.348","","","2026-09-01","true","https://medsparadar.com/states/florida/q/can-a-physician-assistant-inject-or-prescribe"
"FL","Florida","can-an-rn-inject-botox-or-filler","RN injecting","Fla. Stat. §464.003","https://www.flsenate.gov/Laws/Statutes/2024/464.003","","","2026-07-26","true","https://medsparadar.com/states/florida/q/can-an-rn-inject-botox-or-filler"
"FL","Florida","can-the-exam-be-done-by-telehealth","Telehealth exams","Fla. Stat. §456.47(2)","https://www.flsenate.gov/Laws/Statutes/2024/456.47","","","2026-07-26","true","https://medsparadar.com/states/florida/q/can-the-exam-be-done-by-telehealth"
"FL","Florida","can-the-state-shut-down-an-unlicensed-med-spa","Shutdown powers","Fla. Stat. §400.995","https://www.flsenate.gov/Laws/Statutes/2024/400.995","","","2026-07-26","true","https://medsparadar.com/states/florida/q/can-the-state-shut-down-an-unlicensed-med-spa"
"FL","Florida","does-a-med-spa-need-to-register","Registration & licensing","Fla. Stat. § 465.0158(1)","https://www.flsenate.gov/Laws/Statutes/2024/465.0158","","","2026-09-02","true","https://medsparadar.com/states/florida/q/does-a-med-spa-need-to-register"
"FL","Florida","is-a-medical-director-required","Medical director required?","Fla. Stat. §458.331(1)(w)","https://www.flsenate.gov/Laws/Statutes/2024/458.331","","","2026-07-26","true","https://medsparadar.com/states/florida/q/is-a-medical-director-required"
"FL","Florida","is-an-exam-required-before-treatment","Exam before treatment","Fla. Stat. §458.331(1)(q)","https://www.flsenate.gov/Laws/Statutes/2024/458.331","","","2026-09-01","true","https://medsparadar.com/states/florida/q/is-an-exam-required-before-treatment"
"FL","Florida","may-an-esthetician-perform-microneedling","Esthetician microneedling","Fla. Admin. Code R. 61G5-18.00015(2)(h)","https://flrules.org/gateway/readFile.asp?sid=0&tid=0&cno=61G5-18&caid=1442795&type=4&file=61G5-18.doc","","","2026-09-20","true","https://medsparadar.com/states/florida/q/may-an-esthetician-perform-microneedling"
"FL","Florida","must-someone-be-on-site-during-treatment","On-site presence","Fla. Stat. §458.348(3)","https://www.flsenate.gov/Laws/Statutes/2024/458.348","","","2026-09-01","true","https://medsparadar.com/states/florida/q/must-someone-be-on-site-during-treatment"
"FL","Florida","what-business-structure-is-required","Structure limits","Fla. Stat. §400.991(1)(a)","https://www.flsenate.gov/Laws/Statutes/2024/400.991","","","2026-07-26","true","https://medsparadar.com/states/florida/q/what-business-structure-is-required"
"FL","Florida","what-can-a-med-spa-advertise","Advertising limits","Fla. Stat. §458.331(1)(d)","https://www.flsenate.gov/Laws/Statutes/2024/458.331","","","2026-07-26","true","https://medsparadar.com/states/florida/q/what-can-a-med-spa-advertise"
"FL","Florida","what-can-a-practitioner-be-disciplined-for","Grounds for discipline","Fla. Stat. §458.331","https://www.flsenate.gov/Laws/Statutes/2024/458.331","","","2026-07-26","true","https://medsparadar.com/states/florida/q/what-can-a-practitioner-be-disciplined-for"
"FL","Florida","what-does-it-cost-to-open","License fees","Fla. Stat. § 465.0276(2)(a)","https://www.flsenate.gov/Laws/Statutes/2024/465.0276","","","2026-09-02","true","https://medsparadar.com/states/florida/q/what-does-it-cost-to-open"
"FL","Florida","what-happens-if-you-practice-without-a-license","Unlicensed practice","Fla. Stat. §458.327(1)(a)","https://www.flsenate.gov/Laws/Statutes/2024/458.327","","","2026-07-26","true","https://medsparadar.com/states/florida/q/what-happens-if-you-practice-without-a-license"
"FL","Florida","what-must-be-reported-to-the-board","Reporting duties","Fla. Admin. Code r. 64B8-9.009(2)(l)-(m) (adverse incident reporting and risk management)","https://www.flrules.org/gateway/ruleNo.asp?id=64B8-9.009","https://www.law.cornell.edu/regulations/florida/Fla-Admin-Code-Ann-R-64B8-9-009","Cornell Legal Information Institute","2026-09-08","true","https://medsparadar.com/states/florida/q/what-must-be-reported-to-the-board"
"FL","Florida","what-must-the-supervising-physician-do","Supervising physician duties","Fla. Stat. §458.348(3)(c)2.","https://www.flsenate.gov/Laws/Statutes/2024/458.348","","","2026-09-01","true","https://medsparadar.com/states/florida/q/what-must-the-supervising-physician-do"
"FL","Florida","who-enforces-deceptive-med-spa-marketing","Marketing enforcement","Fla. Stat. §501.204(1)","https://www.flsenate.gov/Laws/Statutes/2024/501.204","","","2026-07-26","true","https://medsparadar.com/states/florida/q/who-enforces-deceptive-med-spa-marketing"
"FL","Florida","who-may-operate-a-cosmetic-laser","Laser & energy devices","Fla. Stat. §458.348(2)","https://www.flsenate.gov/Laws/Statutes/2024/458.348","","","2026-09-01","true","https://medsparadar.com/states/florida/q/who-may-operate-a-cosmetic-laser"
"FL","Florida","who-may-perform-the-pre-treatment-exam","Who performs the exam","Fla. Stat. §464.012(3) and (4)(a)","https://www.flsenate.gov/Laws/Statutes/2024/464.012","","","2026-09-01","true","https://medsparadar.com/states/florida/q/who-may-perform-the-pre-treatment-exam"
"GA","Georgia","can-a-med-spa-offer-compounded-glp-1","Compounded GLP-1","Ga. Comp. R. & Regs. 480-11 (compounding — office use)","https://rules.sos.ga.gov/gac/480-11","","","2026-09-02","true","https://medsparadar.com/states/georgia/q/can-a-med-spa-offer-compounded-glp-1"
"GA","Georgia","can-a-non-clinical-owner-take-a-percentage","Fees to a non-clinical owner","O.C.G.A. § 43-34-8(a)(9)","https://www.lexisnexis.com/hottopics/gacode/","https://codes.findlaw.com/ga/title-43-professions-and-businesses/ga-code-sect-43-34-8.html","FindLaw Codes","2026-09-02","true","https://medsparadar.com/states/georgia/q/can-a-non-clinical-owner-take-a-percentage"
"GA","Georgia","can-a-non-physician-own-a-med-spa","Non-physician ownership","O.C.G.A. §14-7-2","https://www.lexisnexis.com/hottopics/gacode/","https://codes.findlaw.com/ga/title-14-corporations-partnerships-and-associations/ga-code-sect-14-7-2.html","FindLaw Codes","2026-08-17","true","https://medsparadar.com/states/georgia/q/can-a-non-physician-own-a-med-spa"
"GA","Georgia","can-a-nurse-practitioner-work-without-a-physician","NP independence","Ga. Comp. R. & Regs. 360-35-.07(1)(a), (2)(a)","https://rules.sos.ga.gov/gac/360-35","","","2026-09-08","true","https://medsparadar.com/states/georgia/q/can-a-nurse-practitioner-work-without-a-physician"
"GA","Georgia","can-a-physician-assistant-inject-or-prescribe","Physician assistants","Ga. Comp. R. & Regs. 360-35-.02(2)","https://rules.sos.ga.gov/gac/360-35","","","2026-08-17","true","https://medsparadar.com/states/georgia/q/can-a-physician-assistant-inject-or-prescribe"
"GA","Georgia","can-an-rn-inject-botox-or-filler","RN injecting","O.C.G.A. §43-34-23(a)","https://www.lexisnexis.com/hottopics/gacode/","https://law.justia.com/codes/georgia/title-43/chapter-34/article-2/section-43-34-23/","Justia Law","2026-08-17","true","https://medsparadar.com/states/georgia/q/can-an-rn-inject-botox-or-filler"
"GA","Georgia","can-the-exam-be-done-by-telehealth","Telehealth exams","Ga. Comp. R. & Regs. 360-3-.07(a)(1)-(3) (Practice through electronic or other such means)","https://rules.sos.ga.gov/gac/360-3","","","2026-09-08","true","https://medsparadar.com/states/georgia/q/can-the-exam-be-done-by-telehealth"
"GA","Georgia","can-the-state-shut-down-an-unlicensed-med-spa","Shutdown powers","O.C.G.A. §43-34-8(b)","https://www.lexisnexis.com/hottopics/gacode/","https://codes.findlaw.com/ga/title-43-professions-and-businesses/ga-code-sect-43-34-8.html","FindLaw Codes","2026-08-17","true","https://medsparadar.com/states/georgia/q/can-the-state-shut-down-an-unlicensed-med-spa"
"GA","Georgia","does-a-med-spa-need-to-register","Registration & licensing","Ga. Comp. R. & Regs. 480-11 (compounding — office use)","https://rules.sos.ga.gov/gac/480-11","","","2026-09-02","true","https://medsparadar.com/states/georgia/q/does-a-med-spa-need-to-register"
"GA","Georgia","is-a-medical-director-required","Medical director required?","Ga. Comp. R. & Regs. 360-35-.05","https://rules.sos.ga.gov/gac/360-35","","","2026-08-17","true","https://medsparadar.com/states/georgia/q/is-a-medical-director-required"
"GA","Georgia","is-an-exam-required-before-treatment","Exam before treatment","Ga. Comp. R. & Regs. 360-35-.05(1)(b)","https://rules.sos.ga.gov/gac/360-35","","","2026-08-17","true","https://medsparadar.com/states/georgia/q/is-an-exam-required-before-treatment"
"GA","Georgia","may-an-esthetician-perform-microneedling","Esthetician microneedling","O.C.G.A. § 43-10-1(8)","https://www.lexisnexis.com/hottopics/gacode/","https://codes.findlaw.com/ga/title-43-professions-and-businesses/ga-code-sect-43-10-1.html","FindLaw Codes","2026-09-02","true","https://medsparadar.com/states/georgia/q/may-an-esthetician-perform-microneedling"
"GA","Georgia","must-someone-be-on-site-during-treatment","On-site presence","Ga. Comp. R. & Regs. 360-35-.05(1)(c)","https://rules.sos.ga.gov/gac/360-35","","","2026-08-17","true","https://medsparadar.com/states/georgia/q/must-someone-be-on-site-during-treatment"
"GA","Georgia","what-business-structure-is-required","Structure limits","O.C.G.A. §14-7-2","https://www.lexisnexis.com/hottopics/gacode/","https://codes.findlaw.com/ga/title-14-corporations-partnerships-and-associations/ga-code-sect-14-7-2.html","FindLaw Codes","2026-08-17","true","https://medsparadar.com/states/georgia/q/what-business-structure-is-required"
"GA","Georgia","what-can-a-med-spa-advertise","Advertising limits","O.C.G.A. §43-34-8(a)(6)","https://www.lexisnexis.com/hottopics/gacode/","https://codes.findlaw.com/ga/title-43-professions-and-businesses/ga-code-sect-43-34-8.html","FindLaw Codes","2026-08-17","true","https://medsparadar.com/states/georgia/q/what-can-a-med-spa-advertise"
"GA","Georgia","what-can-a-practitioner-be-disciplined-for","Grounds for discipline","O.C.G.A. §43-34-8(a)(7)","https://www.lexisnexis.com/hottopics/gacode/","https://codes.findlaw.com/ga/title-43-professions-and-businesses/ga-code-sect-43-34-8.html","FindLaw Codes","2026-08-17","true","https://medsparadar.com/states/georgia/q/what-can-a-practitioner-be-disciplined-for"
"GA","Georgia","what-does-it-cost-to-open","License fees","Ga. Comp. R. & Regs. 240-1-.03(1), (2)","https://rules.sos.ga.gov/GAC/240-1-.03","","","2026-09-02","true","https://medsparadar.com/states/georgia/q/what-does-it-cost-to-open"
"GA","Georgia","what-happens-if-you-practice-without-a-license","Unlicensed practice","O.C.G.A. §43-34-42(a)","https://www.lexisnexis.com/hottopics/gacode/","https://codes.findlaw.com/ga/title-43-professions-and-businesses/ga-code-sect-43-34-42.html","FindLaw Codes","2026-08-17","true","https://medsparadar.com/states/georgia/q/what-happens-if-you-practice-without-a-license"
"GA","Georgia","what-must-be-reported-to-the-board","Reporting duties","Ga. Comp. R. & Regs. 360-35-.03(2) (Renewal requirements — notice of address change)","https://rules.sos.ga.gov/gac/360-35","","","2026-09-08","true","https://medsparadar.com/states/georgia/q/what-must-be-reported-to-the-board"
"GA","Georgia","what-must-the-supervising-physician-do","Supervising physician duties","Ga. Comp. R. & Regs. 360-35-.06","https://rules.sos.ga.gov/gac/360-35","","","2026-08-17","true","https://medsparadar.com/states/georgia/q/what-must-the-supervising-physician-do"
"GA","Georgia","who-enforces-deceptive-med-spa-marketing","Marketing enforcement","O.C.G.A. §10-1-397(b)(1)","https://www.lexisnexis.com/hottopics/gacode/","https://codes.findlaw.com/ga/title-10-commerce-and-trade/ga-code-sect-10-1-397.html","FindLaw Codes","2026-08-17","true","https://medsparadar.com/states/georgia/q/who-enforces-deceptive-med-spa-marketing"
"GA","Georgia","who-may-operate-a-cosmetic-laser","Laser & energy devices","Ga. Comp. R. & Regs. 360-35-.05","https://rules.sos.ga.gov/gac/360-35","","","2026-08-17","true","https://medsparadar.com/states/georgia/q/who-may-operate-a-cosmetic-laser"
"GA","Georgia","who-may-perform-the-pre-treatment-exam","Who performs the exam","Ga. Comp. R. & Regs. 360-35-.05(1)(b)","https://rules.sos.ga.gov/gac/360-35","","","2026-08-17","true","https://medsparadar.com/states/georgia/q/who-may-perform-the-pre-treatment-exam"
"GA","Georgia","who-must-be-the-responsible-practitioner","Responsible practitioner","Ga. Comp. R. & Regs. 360-35-.07","https://rules.sos.ga.gov/gac/360-35","","","2026-08-17","true","https://medsparadar.com/states/georgia/q/who-must-be-the-responsible-practitioner"
"HI","Hawaii","can-a-med-spa-offer-compounded-glp-1","Compounded GLP-1","Haw. Rev. Stat. § 461-1 (""Practice of pharmacy"" (1))","https://data.capitol.hawaii.gov/hrscurrent/Vol10_Ch0436-0474/HRS0461/HRS_0461-0001.htm","","","2026-09-08","true","https://medsparadar.com/states/hawaii/q/can-a-med-spa-offer-compounded-glp-1"
"HI","Hawaii","can-a-medical-assistant-inject","Medical assistants","Haw. Rev. Stat. § 457-7.5(a)-(b)","https://data.capitol.hawaii.gov/hrscurrent/Vol10_Ch0436-0474/HRS0457/HRS_0457-0007_0005.htm","","","2026-09-08","true","https://medsparadar.com/states/hawaii/q/can-a-medical-assistant-inject"
"HI","Hawaii","can-a-non-physician-own-a-med-spa","Non-physician ownership","Haw. Rev. Stat. § 415A-2 (""Professional service""; ""Qualified person"")","https://data.capitol.hawaii.gov/hrscurrent/Vol08_Ch0401-0429/HRS0415A/HRS_0415A-0002.htm","","","2026-09-08","true","https://medsparadar.com/states/hawaii/q/can-a-non-physician-own-a-med-spa"
"HI","Hawaii","can-a-nurse-practitioner-work-without-a-physician","NP independence","Haw. Rev. Stat. § 457-2.7(a)-(b)","https://data.capitol.hawaii.gov/hrscurrent/Vol10_Ch0436-0474/HRS0457/HRS_0457-0002_0007.htm","","","2026-09-08","true","https://medsparadar.com/states/hawaii/q/can-a-nurse-practitioner-work-without-a-physician"
"HI","Hawaii","can-a-physician-assistant-inject-or-prescribe","Physician assistants","Haw. Admin. R. § 16-85-49.1(a)-(b)","https://cca.hawaii.gov/wp-content/uploads/2026/02/har_85-c2-1-1.pdf","","","2026-09-08","true","https://medsparadar.com/states/hawaii/q/can-a-physician-assistant-inject-or-prescribe"
"HI","Hawaii","can-an-rn-inject-botox-or-filler","RN injecting","Haw. Rev. Stat. § 457-2.7(a)-(b)","https://data.capitol.hawaii.gov/hrscurrent/Vol10_Ch0436-0474/HRS0457/HRS_0457-0002_0007.htm","","","2026-09-08","true","https://medsparadar.com/states/hawaii/q/can-an-rn-inject-botox-or-filler"
"HI","Hawaii","can-the-exam-be-done-by-telehealth","Telehealth exams","Haw. Rev. Stat. § 453-1.3(e)-(f)","https://data.capitol.hawaii.gov/hrscurrent/Vol10_Ch0436-0474/HRS0453/HRS_0453-0001_0003.htm","","","2026-09-08","true","https://medsparadar.com/states/hawaii/q/can-the-exam-be-done-by-telehealth"
"HI","Hawaii","can-the-state-shut-down-an-unlicensed-med-spa","Shutdown powers","Haw. Rev. Stat. § 453-8.2(a)","https://data.capitol.hawaii.gov/hrscurrent/Vol10_Ch0436-0474/HRS0453/HRS_0453-0008_0002.htm","","","2026-09-08","true","https://medsparadar.com/states/hawaii/q/can-the-state-shut-down-an-unlicensed-med-spa"
"HI","Hawaii","does-a-med-spa-need-to-register","Registration & licensing","Haw. Rev. Stat. § 439A-10(a)(1)-(3) (ch. 453 and Haw. Admin. R. ch. 16-85 surveyed)","https://data.capitol.hawaii.gov/hrscurrent/Vol10_Ch0436-0474/HRS0439A/HRS_0439A-0010.htm","","","2026-09-08","true","https://medsparadar.com/states/hawaii/q/does-a-med-spa-need-to-register"
"HI","Hawaii","is-a-medical-director-required","Medical director required?","Haw. Rev. Stat. § 453-1","https://data.capitol.hawaii.gov/hrscurrent/Vol10_Ch0436-0474/HRS0453/HRS_0453-0001.htm","","","2026-09-08","true","https://medsparadar.com/states/hawaii/q/is-a-medical-director-required"
"HI","Hawaii","is-an-exam-required-before-treatment","Exam before treatment","Haw. Rev. Stat. § 453-1.3(e)-(f)","https://data.capitol.hawaii.gov/hrscurrent/Vol10_Ch0436-0474/HRS0453/HRS_0453-0001_0003.htm","","","2026-09-08","true","https://medsparadar.com/states/hawaii/q/is-an-exam-required-before-treatment"
"HI","Hawaii","may-an-esthetician-perform-microneedling","Esthetician microneedling","Haw. Rev. Stat. § 439A-2 (""Esthetician"")","https://data.capitol.hawaii.gov/hrscurrent/Vol10_Ch0436-0474/HRS0439A/HRS_0439A-0002.htm","","","2026-09-08","true","https://medsparadar.com/states/hawaii/q/may-an-esthetician-perform-microneedling"
"HI","Hawaii","must-someone-be-on-site-during-treatment","On-site presence","Haw. Rev. Stat. § 453-2(b)(5)","https://data.capitol.hawaii.gov/hrscurrent/Vol10_Ch0436-0474/HRS0453/HRS_0453-0002.htm","","","2026-09-08","true","https://medsparadar.com/states/hawaii/q/must-someone-be-on-site-during-treatment"
"HI","Hawaii","what-business-structure-is-required","Structure limits","Haw. Rev. Stat. § 415A-2 (""Professional service""; ""Qualified person"")","https://data.capitol.hawaii.gov/hrscurrent/Vol08_Ch0401-0429/HRS0415A/HRS_0415A-0002.htm","","","2026-09-08","true","https://medsparadar.com/states/hawaii/q/what-business-structure-is-required"
"HI","Hawaii","what-can-a-med-spa-advertise","Advertising limits","Haw. Rev. Stat. § 453-8(a)(3)","https://data.capitol.hawaii.gov/hrscurrent/Vol10_Ch0436-0474/HRS0453/HRS_0453-0008.htm","","","2026-09-08","true","https://medsparadar.com/states/hawaii/q/what-can-a-med-spa-advertise"
"HI","Hawaii","what-can-a-practitioner-be-disciplined-for","Grounds for discipline","Haw. Rev. Stat. § 453-8(a)(7), (9)","https://data.capitol.hawaii.gov/hrscurrent/Vol10_Ch0436-0474/HRS0453/HRS_0453-0008.htm","","","2026-09-08","true","https://medsparadar.com/states/hawaii/q/what-can-a-practitioner-be-disciplined-for"
"HI","Hawaii","what-does-it-cost-to-open","License fees","Haw. Admin. R. § 16-53-14(1)","https://cca.hawaii.gov/wp-content/uploads/2026/02/HAR_16-53_FeesOct-2016-1.pdf","","","2026-09-08","true","https://medsparadar.com/states/hawaii/q/what-does-it-cost-to-open"
"HI","Hawaii","what-happens-if-you-practice-without-a-license","Unlicensed practice","Haw. Rev. Stat. § 453-13","https://data.capitol.hawaii.gov/hrscurrent/Vol10_Ch0436-0474/HRS0453/HRS_0453-0013.htm","","","2026-09-08","true","https://medsparadar.com/states/hawaii/q/what-happens-if-you-practice-without-a-license"
"HI","Hawaii","what-must-be-reported-to-the-board","Reporting duties","Haw. Rev. Stat. § 453-8(a)(14)","https://data.capitol.hawaii.gov/hrscurrent/Vol10_Ch0436-0474/HRS0453/HRS_0453-0008.htm","","","2026-09-08","true","https://medsparadar.com/states/hawaii/q/what-must-be-reported-to-the-board"
"HI","Hawaii","what-must-the-supervising-physician-do","Supervising physician duties","Haw. Admin. R. § 16-85-44.5 (Definitions — “Supervising physician”; “Supervision”)","https://cca.hawaii.gov/wp-content/uploads/2026/02/har_85-c2-1-1.pdf","","","2026-09-08","true","https://medsparadar.com/states/hawaii/q/what-must-the-supervising-physician-do"
"HI","Hawaii","who-enforces-deceptive-med-spa-marketing","Marketing enforcement","Haw. Rev. Stat. § 480-3.1","https://data.capitol.hawaii.gov/hrscurrent/Vol11_Ch0476-0490/HRS0480/HRS_0480-0003_0001.htm","","","2026-09-08","true","https://medsparadar.com/states/hawaii/q/who-enforces-deceptive-med-spa-marketing"
"ID","Idaho","can-a-med-spa-offer-compounded-glp-1","Compounded GLP-1","Idaho Code § 54-1704(7) (definition of “Compounding”)","https://legislature.idaho.gov/statutesrules/idstat/Title54/T54CH17/SECT54-1704/","","","2026-09-06","true","https://medsparadar.com/states/idaho/q/can-a-med-spa-offer-compounded-glp-1"
"ID","Idaho","can-a-medical-assistant-inject","Medical assistants","Idaho Code §54-1803(4)","https://legislature.idaho.gov/statutesrules/idstat/Title54/T54CH18/SECT54-1803/","","","2026-09-03","true","https://medsparadar.com/states/idaho/q/can-a-medical-assistant-inject"
"ID","Idaho","can-a-non-clinical-owner-take-a-percentage","Fees to a non-clinical owner","Idaho Code §54-1814(8)","https://legislature.idaho.gov/statutesrules/idstat/Title54/T54CH18/SECT54-1814/","","","2026-09-03","true","https://medsparadar.com/states/idaho/q/can-a-non-clinical-owner-take-a-percentage"
"ID","Idaho","can-a-non-physician-own-a-med-spa","Non-physician ownership","Idaho Code tit. 30, ch. 13 (chapter index — REPEALED)","https://legislature.idaho.gov/statutesrules/idstat/Title30/","","","2026-09-03","true","https://medsparadar.com/states/idaho/q/can-a-non-physician-own-a-med-spa"
"ID","Idaho","can-a-nurse-practitioner-work-without-a-physician","NP independence","Idaho Code §54-1402(1)","https://legislature.idaho.gov/statutesrules/idstat/Title54/T54CH14/SECT54-1402/","","","2026-09-03","true","https://medsparadar.com/states/idaho/q/can-a-nurse-practitioner-work-without-a-physician"
"ID","Idaho","can-a-physician-assistant-inject-or-prescribe","Physician assistants","Idaho Code §54-1814(17)","https://legislature.idaho.gov/statutesrules/idstat/Title54/T54CH18/SECT54-1814/","","","2026-09-03","true","https://medsparadar.com/states/idaho/q/can-a-physician-assistant-inject-or-prescribe"
"ID","Idaho","can-an-rn-inject-botox-or-filler","RN injecting","Idaho Code §54-1402(1)","https://legislature.idaho.gov/statutesrules/idstat/Title54/T54CH14/SECT54-1402/","","","2026-09-03","true","https://medsparadar.com/states/idaho/q/can-an-rn-inject-botox-or-filler"
"ID","Idaho","can-the-exam-be-done-by-telehealth","Telehealth exams","Idaho Code §54-5705","https://legislature.idaho.gov/statutesrules/idstat/Title54/T54CH57/SECT54-5705/","","","2026-09-03","true","https://medsparadar.com/states/idaho/q/can-the-exam-be-done-by-telehealth"
"ID","Idaho","can-the-state-shut-down-an-unlicensed-med-spa","Shutdown powers","Idaho Code §48-606(1)(b), (2) (Attorney General — injunctive relief)","https://legislature.idaho.gov/statutesrules/idstat/Title48/T48CH6/SECT48-606/","","","2026-09-08","true","https://medsparadar.com/states/idaho/q/can-the-state-shut-down-an-unlicensed-med-spa"
"ID","Idaho","does-a-med-spa-need-to-register","Registration & licensing","Idaho Code § 54-1704(7) (definition of “Compounding”)","https://legislature.idaho.gov/statutesrules/idstat/Title54/T54CH17/SECT54-1704/","","","2026-09-06","true","https://medsparadar.com/states/idaho/q/does-a-med-spa-need-to-register"
"ID","Idaho","is-a-medical-director-required","Medical director required?","Idaho Code §54-1803(4)","https://legislature.idaho.gov/statutesrules/idstat/Title54/T54CH18/SECT54-1803/","","","2026-09-03","true","https://medsparadar.com/states/idaho/q/is-a-medical-director-required"
"ID","Idaho","is-an-exam-required-before-treatment","Exam before treatment","Idaho Code §54-5705","https://legislature.idaho.gov/statutesrules/idstat/Title54/T54CH57/SECT54-5705/","","","2026-09-03","true","https://medsparadar.com/states/idaho/q/is-an-exam-required-before-treatment"
"ID","Idaho","may-an-esthetician-perform-microneedling","Esthetician microneedling","Idaho Code §54-5802(14)","https://legislature.idaho.gov/statutesrules/idstat/Title54/T54CH58/SECT54-5802/","","","2026-09-03","true","https://medsparadar.com/states/idaho/q/may-an-esthetician-perform-microneedling"
"ID","Idaho","what-business-structure-is-required","Structure limits","Idaho Code tit. 30, ch. 13 (chapter index — REPEALED)","https://legislature.idaho.gov/statutesrules/idstat/Title30/","","","2026-09-03","true","https://medsparadar.com/states/idaho/q/what-business-structure-is-required"
"ID","Idaho","what-can-a-med-spa-advertise","Advertising limits","Idaho Code §54-1814(4)","https://legislature.idaho.gov/statutesrules/idstat/Title54/T54CH18/SECT54-1814/","","","2026-09-03","true","https://medsparadar.com/states/idaho/q/what-can-a-med-spa-advertise"
"ID","Idaho","what-can-a-practitioner-be-disciplined-for","Grounds for discipline","Idaho Code §54-1814(2)","https://legislature.idaho.gov/statutesrules/idstat/Title54/T54CH18/SECT54-1814/","","","2026-09-03","true","https://medsparadar.com/states/idaho/q/what-can-a-practitioner-be-disciplined-for"
"ID","Idaho","what-does-it-cost-to-open","License fees","IDAPA 24.28.01.400 (Rules of the Barber and Cosmetology Services Licensing Board — Fees, stated as ceilings)","https://adminrules.idaho.gov/rules/current/24/242801.pdf","","","2026-09-07","true","https://medsparadar.com/states/idaho/q/what-does-it-cost-to-open"
"ID","Idaho","what-happens-if-you-practice-without-a-license","Unlicensed practice","Idaho Code §54-1804(3)","https://legislature.idaho.gov/statutesrules/idstat/Title54/T54CH18/SECT54-1804/","","","2026-09-03","true","https://medsparadar.com/states/idaho/q/what-happens-if-you-practice-without-a-license"
"ID","Idaho","what-must-be-reported-to-the-board","Reporting duties","IDAPA 24.28.01.125.01 (Out of business — submittal)","https://adminrules.idaho.gov/rules/current/24/242801.pdf","","","2026-09-08","true","https://medsparadar.com/states/idaho/q/what-must-be-reported-to-the-board"
"ID","Idaho","who-enforces-deceptive-med-spa-marketing","Marketing enforcement","Idaho Code §48-606(1)","https://legislature.idaho.gov/statutesrules/idstat/Title48/T48CH6/SECT48-606/","","","2026-09-08","true","https://medsparadar.com/states/idaho/q/who-enforces-deceptive-med-spa-marketing"
"IL","Illinois","can-a-med-spa-offer-compounded-glp-1","Compounded GLP-1","225 ILCS 85/3 (“compounding”)","https://www.ilga.gov/documents/legislation/ilcs/documents/022500850K3.htm","","","2026-09-02","true","https://medsparadar.com/states/illinois/q/can-a-med-spa-offer-compounded-glp-1"
"IL","Illinois","can-a-medical-assistant-inject","Medical assistants","225 ILCS 60/54.2(b)–(c)","https://www.ilga.gov/documents/legislation/ilcs/documents/022500600K54.2.htm","","","2026-09-08","true","https://medsparadar.com/states/illinois/q/can-a-medical-assistant-inject"
"IL","Illinois","can-a-non-clinical-owner-take-a-percentage","Fees to a non-clinical owner","225 ILCS 60/22.2(a)","https://www.ilga.gov/documents/legislation/ilcs/documents/022500600K22.2.htm","","","2026-09-02","true","https://medsparadar.com/states/illinois/q/can-a-non-clinical-owner-take-a-percentage"
"IL","Illinois","can-a-non-physician-own-a-med-spa","Non-physician ownership","225 ILCS 60/22.2(a)","https://www.ilga.gov/documents/legislation/ilcs/documents/022500600K22.2.htm","","","2026-09-02","true","https://medsparadar.com/states/illinois/q/can-a-non-physician-own-a-med-spa"
"IL","Illinois","can-a-nurse-practitioner-work-without-a-physician","NP independence","225 ILCS 65/65-43","https://www.ilga.gov/documents/legislation/ilcs/documents/022500650K65-43.htm","","","2026-08-17","true","https://medsparadar.com/states/illinois/q/can-a-nurse-practitioner-work-without-a-physician"
"IL","Illinois","can-a-physician-assistant-inject-or-prescribe","Physician assistants","68 Ill. Adm. Code 1285.336(c)","https://www.ilga.gov/commission/jcar/admincode/068/068012850C03360R.html","","","2026-08-17","true","https://medsparadar.com/states/illinois/q/can-a-physician-assistant-inject-or-prescribe"
"IL","Illinois","can-an-rn-inject-botox-or-filler","RN injecting","225 ILCS 65/65-43","https://www.ilga.gov/documents/legislation/ilcs/documents/022500650K65-43.htm","","","2026-08-17","true","https://medsparadar.com/states/illinois/q/can-an-rn-inject-botox-or-filler"
"IL","Illinois","can-private-equity-invest-in-a-med-spa","Private-equity investment","IDFPR/IDPH Medical Spa Services memo (updated 2025-10-30)","https://idfpr.illinois.gov/content/dam/soi/en/web/idfpr/forms/dpr/idfpr-medspa-memo.pdf","","","2026-08-17","true","https://medsparadar.com/states/illinois/q/can-private-equity-invest-in-a-med-spa"
"IL","Illinois","can-the-exam-be-done-by-telehealth","Telehealth exams","225 ILCS 60/54.2(e)","https://www.ilga.gov/documents/legislation/ilcs/documents/022500600K54.2.htm","","","2026-08-17","true","https://medsparadar.com/states/illinois/q/can-the-exam-be-done-by-telehealth"
"IL","Illinois","can-the-state-shut-down-an-unlicensed-med-spa","Shutdown powers","225 ILCS 60/22","https://www.ilga.gov/documents/legislation/ilcs/documents/022500600K22.htm","","","2026-08-17","true","https://medsparadar.com/states/illinois/q/can-the-state-shut-down-an-unlicensed-med-spa"
"IL","Illinois","does-a-med-spa-need-to-register","Registration & licensing","225 ILCS 85/3 (“compounding”)","https://www.ilga.gov/documents/legislation/ilcs/documents/022500850K3.htm","","","2026-09-02","true","https://medsparadar.com/states/illinois/q/does-a-med-spa-need-to-register"
"IL","Illinois","is-a-medical-director-required","Medical director required?","68 Ill. Adm. Code 1285.336 (as stated in the IDFPR/IDPH med spa memo)","https://www.ilga.gov/commission/jcar/admincode/068/068012850C03360R.html","","","2026-08-17","true","https://medsparadar.com/states/illinois/q/is-a-medical-director-required"
"IL","Illinois","is-an-exam-required-before-treatment","Exam before treatment","68 Ill. Adm. Code 1285.336(b)","https://www.ilga.gov/commission/jcar/admincode/068/068012850C03360R.html","","","2026-08-17","true","https://medsparadar.com/states/illinois/q/is-an-exam-required-before-treatment"
"IL","Illinois","may-an-esthetician-perform-microneedling","Esthetician microneedling","IDFPR Statement on Prohibited Practices (IDFPR/IDPH med spa memo)","https://idfpr.illinois.gov/content/dam/soi/en/web/idfpr/forms/dpr/idfpr-medspa-memo.pdf","","","2026-09-02","true","https://medsparadar.com/states/illinois/q/may-an-esthetician-perform-microneedling"
"IL","Illinois","must-someone-be-on-site-during-treatment","On-site presence","68 Ill. Adm. Code 1285.336(b)(2)–(3)","https://www.ilga.gov/commission/jcar/admincode/068/068012850C03360R.html","","","2026-09-08","true","https://medsparadar.com/states/illinois/q/must-someone-be-on-site-during-treatment"
"IL","Illinois","what-business-structure-is-required","Structure limits","225 ILCS 60/22.2(c)","https://www.ilga.gov/documents/legislation/ilcs/documents/022500600K22.2.htm","","","2026-09-02","true","https://medsparadar.com/states/illinois/q/what-business-structure-is-required"
"IL","Illinois","what-can-a-med-spa-advertise","Advertising limits","225 ILCS 60/26","https://www.ilga.gov/documents/legislation/ilcs/documents/022500600K26.htm","","","2026-08-17","true","https://medsparadar.com/states/illinois/q/what-can-a-med-spa-advertise"
"IL","Illinois","what-can-a-practitioner-be-disciplined-for","Grounds for discipline","225 ILCS 60/22","https://www.ilga.gov/documents/legislation/ilcs/documents/022500600K22.htm","","","2026-08-17","true","https://medsparadar.com/states/illinois/q/what-can-a-practitioner-be-disciplined-for"
"IL","Illinois","what-does-it-cost-to-open","License fees","68 Ill. Adm. Code 1175.100(a), (c)","https://www.ilga.gov/commission/jcar/admincode/068/068011750A01000R.html","","","2026-09-02","true","https://medsparadar.com/states/illinois/q/what-does-it-cost-to-open"
"IL","Illinois","what-happens-if-you-practice-without-a-license","Unlicensed practice","225 ILCS 60/59","https://www.ilga.gov/documents/legislation/ilcs/documents/022500600K59.htm","","","2026-08-17","true","https://medsparadar.com/states/illinois/q/what-happens-if-you-practice-without-a-license"
"IL","Illinois","what-must-be-reported-to-the-board","Reporting duties","77 Ill. Adm. Code 690 (as stated in the IDFPR/IDPH med spa memo)","https://idfpr.illinois.gov/content/dam/soi/en/web/idfpr/forms/dpr/idfpr-medspa-memo.pdf","","","2026-08-17","true","https://medsparadar.com/states/illinois/q/what-must-be-reported-to-the-board"
"IL","Illinois","what-must-the-supervising-physician-do","Supervising physician duties","225 ILCS 60/54.2(b), (f)","https://www.ilga.gov/documents/legislation/ilcs/documents/022500600K54.2.htm","","","2026-08-17","true","https://medsparadar.com/states/illinois/q/what-must-the-supervising-physician-do"
"IL","Illinois","who-enforces-deceptive-med-spa-marketing","Marketing enforcement","815 ILCS 505/7","https://www.ilga.gov/documents/legislation/ilcs/documents/081505050K7.htm","","","2026-08-17","true","https://medsparadar.com/states/illinois/q/who-enforces-deceptive-med-spa-marketing"
"IL","Illinois","who-may-operate-a-cosmetic-laser","Laser & energy devices","68 Ill. Adm. Code 1285.336 (as stated in the IDFPR/IDPH med spa memo)","https://www.ilga.gov/commission/jcar/admincode/068/068012850C03360R.html","","","2026-08-17","true","https://medsparadar.com/states/illinois/q/who-may-operate-a-cosmetic-laser"
"IL","Illinois","who-may-perform-the-pre-treatment-exam","Who performs the exam","68 Ill. Adm. Code 1285.336(b), (b)(1)","https://www.ilga.gov/commission/jcar/admincode/068/068012850C03360R.html","","","2026-09-08","true","https://medsparadar.com/states/illinois/q/who-may-perform-the-pre-treatment-exam"
"IN","Indiana","can-a-management-company-run-the-business-side","Management companies (MSO)","Ind. Code §25-22.5-1-2(c)","https://iga.in.gov/ic/2024/Title_25/Article_22.5/Chapter_1.pdf","","","2026-07-26","true","https://medsparadar.com/states/indiana/q/can-a-management-company-run-the-business-side"
"IN","Indiana","can-a-med-spa-offer-compounded-glp-1","Compounded GLP-1","Ind. Code § 25-26-13-11","https://iga.in.gov/ic/2024/Title_25/Article_26/Chapter_13.pdf","","","2026-09-02","true","https://medsparadar.com/states/indiana/q/can-a-med-spa-offer-compounded-glp-1"
"IN","Indiana","can-a-non-clinical-owner-take-a-percentage","Fees to a non-clinical owner","Ind. Code ch. 25-1-9 (Health Professions Standards of Practice), read in full","https://iga.in.gov/ic/2024/Title_25/Article_1/Chapter_9.pdf","","","2026-09-02","true","https://medsparadar.com/states/indiana/q/can-a-non-clinical-owner-take-a-percentage"
"IN","Indiana","can-a-non-physician-own-a-med-spa","Non-physician ownership","Ind. Code §25-22.5-1-2(c)","https://iga.in.gov/ic/2024/Title_25/Article_22.5/Chapter_1.pdf","","","2026-07-26","true","https://medsparadar.com/states/indiana/q/can-a-non-physician-own-a-med-spa"
"IN","Indiana","can-a-nurse-practitioner-work-without-a-physician","NP independence","Ind. Code §25-23-1-19.5(b) and (c)","https://iga.in.gov/ic/2024/Title_25/Article_23/Chapter_1.pdf","","","2026-09-01","true","https://medsparadar.com/states/indiana/q/can-a-nurse-practitioner-work-without-a-physician"
"IN","Indiana","can-a-physician-assistant-inject-or-prescribe","Physician assistants","Ind. Code §25-27.5-5-6","https://iga.in.gov/ic/2024/Title_25/Article_27.5/Chapter_5.pdf","","","2026-07-26","true","https://medsparadar.com/states/indiana/q/can-a-physician-assistant-inject-or-prescribe"
"IN","Indiana","can-an-rn-inject-botox-or-filler","RN injecting","Ind. Code §25-23-1-1.1","https://iga.in.gov/ic/2024/Title_25/Article_23/Chapter_1.pdf","","","2026-07-26","true","https://medsparadar.com/states/indiana/q/can-an-rn-inject-botox-or-filler"
"IN","Indiana","can-the-exam-be-done-by-telehealth","Telehealth exams","Ind. Code §25-1-9.5-7, §25-1-9.5-8","https://iga.in.gov/ic/2024/Title_25/Article_1/Chapter_9.5.pdf","","","2026-07-26","true","https://medsparadar.com/states/indiana/q/can-the-exam-be-done-by-telehealth"
"IN","Indiana","can-the-state-shut-down-an-unlicensed-med-spa","Shutdown powers","Ind. Code §25-22.5-8-4","https://iga.in.gov/ic/2024/Title_25/Article_22.5/Chapter_8.pdf","","","2026-07-26","true","https://medsparadar.com/states/indiana/q/can-the-state-shut-down-an-unlicensed-med-spa"
"IN","Indiana","does-a-med-spa-need-to-register","Registration & licensing","Ind. Code § 25-26-13-11","https://iga.in.gov/ic/2024/Title_25/Article_26/Chapter_13.pdf","","","2026-09-02","true","https://medsparadar.com/states/indiana/q/does-a-med-spa-need-to-register"
"IN","Indiana","is-a-medical-director-required","Medical director required?","Ind. Code §25-22.5-1-1.1","https://iga.in.gov/ic/2024/Title_25/Article_22.5/Chapter_1.pdf","","","2026-07-26","true","https://medsparadar.com/states/indiana/q/is-a-medical-director-required"
"IN","Indiana","is-an-exam-required-before-treatment","Exam before treatment","Ind. Code §25-1-9.5-7, §25-1-9.5-8","https://iga.in.gov/ic/2024/Title_25/Article_1/Chapter_9.5.pdf","","","2026-07-26","true","https://medsparadar.com/states/indiana/q/is-an-exam-required-before-treatment"
"IN","Indiana","may-an-esthetician-perform-microneedling","Esthetician microneedling","Ind. Code § 25-8-2-9.5","https://iga.in.gov/ic/2024/Title_25/Article_8/Chapter_2.pdf","","","2026-09-02","true","https://medsparadar.com/states/indiana/q/may-an-esthetician-perform-microneedling"
"IN","Indiana","must-someone-be-on-site-during-treatment","On-site presence","Ind. Code §25-22.5-12.5-2, §25-22.5-12.5-5 (SEA 282, 2026)","https://iga.in.gov/pdf-documents/124/2026/senate/bills/SB0282/SB0282.06.ENRH.pdf","","","2026-07-26","true","https://medsparadar.com/states/indiana/q/must-someone-be-on-site-during-treatment"
"IN","Indiana","what-business-structure-is-required","Structure limits","Ind. Code § 23-1.5-3-1(a)-(b) (Professional corporations — shares; issuance; transfer)","https://iga.in.gov/ic/2024/Title_23/Article_1.5/Chapter_3.pdf","","","2026-09-08","true","https://medsparadar.com/states/indiana/q/what-business-structure-is-required"
"IN","Indiana","what-can-a-med-spa-advertise","Advertising limits","Ind. Code §25-1-10.3-2, §25-1-10.3-7","https://iga.in.gov/ic/2024/Title_25/Article_1/Chapter_10.3.pdf","","","2026-07-26","true","https://medsparadar.com/states/indiana/q/what-can-a-med-spa-advertise"
"IN","Indiana","what-can-a-practitioner-be-disciplined-for","Grounds for discipline","Ind. Code §25-1-9-4","https://iga.in.gov/ic/2024/Title_25/Article_1/Chapter_9.pdf","","","2026-07-26","true","https://medsparadar.com/states/indiana/q/what-can-a-practitioner-be-disciplined-for"
"IN","Indiana","what-does-it-cost-to-open","License fees","820 IAC 7-1-1","https://www.in.gov/pla/files/1.1.23-Cosmetology-Statutes-and-Rules.pdf","","","2026-09-02","true","https://medsparadar.com/states/indiana/q/what-does-it-cost-to-open"
"IN","Indiana","what-happens-if-you-practice-without-a-license","Unlicensed practice","Ind. Code §25-22.5-8-2","https://iga.in.gov/ic/2024/Title_25/Article_22.5/Chapter_8.pdf","","","2026-07-26","true","https://medsparadar.com/states/indiana/q/what-happens-if-you-practice-without-a-license"
"IN","Indiana","what-must-be-reported-to-the-board","Reporting duties","Ind. Code §25-22.5-12.5-6 (SEA 282, 2026)","https://iga.in.gov/pdf-documents/124/2026/senate/bills/SB0282/SB0282.06.ENRH.pdf","","","2026-07-26","true","https://medsparadar.com/states/indiana/q/what-must-be-reported-to-the-board"
"IN","Indiana","who-enforces-deceptive-med-spa-marketing","Marketing enforcement","Ind. Code §24-5-0.5-3","https://iga.in.gov/ic/2024/Title_24/Article_5/Chapter_0.5.pdf","","","2026-07-26","true","https://medsparadar.com/states/indiana/q/who-enforces-deceptive-med-spa-marketing"
"IN","Indiana","who-may-operate-a-cosmetic-laser","Laser & energy devices","Ind. Code §25-22.5-1-1.1","https://iga.in.gov/ic/2024/Title_25/Article_22.5/Chapter_1.pdf","","","2026-07-26","true","https://medsparadar.com/states/indiana/q/who-may-operate-a-cosmetic-laser"
"IN","Indiana","who-must-be-the-responsible-practitioner","Responsible practitioner","Ind. Code §25-22.5-12.5-3 (SEA 282, 2026)","https://iga.in.gov/pdf-documents/124/2026/senate/bills/SB0282/SB0282.06.ENRH.pdf","","","2026-07-26","true","https://medsparadar.com/states/indiana/q/who-must-be-the-responsible-practitioner"
"IA","Iowa","can-a-med-spa-offer-compounded-glp-1","Compounded GLP-1","Iowa Code § 155A.13C(1) (office stock without a patient-specific prescription is a LICENSED activity)","https://www.legis.iowa.gov/docs/code/2025/155A.13C.rtf","","","2026-09-06","true","https://medsparadar.com/states/iowa/q/can-a-med-spa-offer-compounded-glp-1"
"IA","Iowa","can-a-medical-assistant-inject","Medical assistants","Iowa Admin. Code r. 481—655.6(1) (definition of “Qualified laser technician”)","https://www.legis.iowa.gov/docs/iac/chapter/481.655.pdf","","","2026-09-04","true","https://medsparadar.com/states/iowa/q/can-a-medical-assistant-inject"
"IA","Iowa","can-a-non-clinical-owner-take-a-percentage","Fees to a non-clinical owner","Iowa Admin. Code r. 481—661.1(19) (Grounds for discipline)","https://www.legis.iowa.gov/docs/iac/chapter/481.661.pdf","","","2026-09-04","true","https://medsparadar.com/states/iowa/q/can-a-non-clinical-owner-take-a-percentage"
"IA","Iowa","can-a-non-physician-own-a-med-spa","Non-physician ownership","Iowa Admin. Code r. 481—655.6(1) (definition of “Medical spa”)","https://www.legis.iowa.gov/docs/iac/chapter/481.655.pdf","","","2026-09-04","true","https://medsparadar.com/states/iowa/q/can-a-non-physician-own-a-med-spa"
"IA","Iowa","can-a-nurse-practitioner-work-without-a-physician","NP independence","Iowa Admin. Code r. 481—621.4(4) (Advanced registered nurse practitioners — scope)","https://www.legis.iowa.gov/docs/iac/chapter/481.621.pdf","","","2026-09-04","true","https://medsparadar.com/states/iowa/q/can-a-nurse-practitioner-work-without-a-physician"
"IA","Iowa","can-a-physician-assistant-inject-or-prescribe","Physician assistants","Iowa Admin. Code r. 481—659.1 (Physician supervision of a physician associate)","https://www.legis.iowa.gov/docs/iac/chapter/481.659.pdf","","","2026-09-04","true","https://medsparadar.com/states/iowa/q/can-a-physician-assistant-inject-or-prescribe"
"IA","Iowa","can-an-rn-inject-botox-or-filler","RN injecting","Iowa Admin. Code r. 481—621.4(4) (Advanced registered nurse practitioners — scope)","https://www.legis.iowa.gov/docs/iac/chapter/481.621.pdf","","","2026-09-04","true","https://medsparadar.com/states/iowa/q/can-an-rn-inject-botox-or-filler"
"IA","Iowa","can-the-exam-be-done-by-telehealth","Telehealth exams","Iowa Admin. Code r. 481—655.9(1) (Standards of practice — telemedicine)","https://www.legis.iowa.gov/docs/iac/chapter/481.655.pdf","","","2026-09-04","true","https://medsparadar.com/states/iowa/q/can-the-exam-be-done-by-telehealth"
"IA","Iowa","can-the-state-shut-down-an-unlicensed-med-spa","Shutdown powers","Iowa Admin. Code r. 481—661.1(1) (Grounds for discipline)","https://www.legis.iowa.gov/docs/iac/chapter/481.661.pdf","","","2026-09-04","true","https://medsparadar.com/states/iowa/q/can-the-state-shut-down-an-unlicensed-med-spa"
"IA","Iowa","does-a-med-spa-need-to-register","Registration & licensing","Iowa Code § 155A.13C(1) (office stock without a patient-specific prescription is a LICENSED activity)","https://www.legis.iowa.gov/docs/code/2025/155A.13C.rtf","","","2026-09-06","true","https://medsparadar.com/states/iowa/q/does-a-med-spa-need-to-register"
"IA","Iowa","is-a-medical-director-required","Medical director required?","Iowa Admin. Code r. 481—655.6(2) (Delegation by a medical director)","https://www.legis.iowa.gov/docs/iac/chapter/481.655.pdf","","","2026-09-04","true","https://medsparadar.com/states/iowa/q/is-a-medical-director-required"
"IA","Iowa","is-an-exam-required-before-treatment","Exam before treatment","Iowa Admin. Code r. 481—655.6(5)(j) (Supervision — informed consent)","https://www.legis.iowa.gov/docs/iac/chapter/481.655.pdf","","","2026-09-04","true","https://medsparadar.com/states/iowa/q/is-an-exam-required-before-treatment"
"IA","Iowa","may-an-esthetician-perform-microneedling","Esthetician microneedling","Iowa Admin. Code r. 481—655.6(5)(d) (Supervision)","https://www.legis.iowa.gov/docs/iac/chapter/481.655.pdf","","","2026-09-04","true","https://medsparadar.com/states/iowa/q/may-an-esthetician-perform-microneedling"
"IA","Iowa","must-someone-be-on-site-during-treatment","On-site presence","Iowa Admin. Code r. 481—655.6(5)(c) (Supervision)","https://www.legis.iowa.gov/docs/iac/chapter/481.655.pdf","","","2026-09-04","true","https://medsparadar.com/states/iowa/q/must-someone-be-on-site-during-treatment"
"IA","Iowa","what-business-structure-is-required","Structure limits","Iowa Code § 496C.4(1)-(2) (Professional corporations — purposes and powers)","https://www.legis.iowa.gov/docs/code/2025/496C.4.rtf","","","2026-09-08","true","https://medsparadar.com/states/iowa/q/what-business-structure-is-required"
"IA","Iowa","what-can-a-med-spa-advertise","Advertising limits","Iowa Admin. Code r. 481—655.6(3)(d)-(e) (Medical director — advertising)","https://www.legis.iowa.gov/docs/iac/chapter/481.655.pdf","","","2026-09-04","true","https://medsparadar.com/states/iowa/q/what-can-a-med-spa-advertise"
"IA","Iowa","what-can-a-practitioner-be-disciplined-for","Grounds for discipline","Iowa Admin. Code r. 481—661.1(4) (Unprofessional conduct)","https://www.legis.iowa.gov/docs/iac/chapter/481.661.pdf","","","2026-09-08","true","https://medsparadar.com/states/iowa/q/what-can-a-practitioner-be-disciplined-for"
"IA","Iowa","what-does-it-cost-to-open","License fees","Iowa Admin. Code 481—507.5(1)-(2) (Barbering and cosmetology arts and sciences license fees)","https://www.legis.iowa.gov/docs/iac/chapter/481.507.pdf","","","2026-09-08","true","https://medsparadar.com/states/iowa/q/what-does-it-cost-to-open"
"IA","Iowa","what-happens-if-you-practice-without-a-license","Unlicensed practice","Iowa Code § 147.2(1)","https://www.legis.iowa.gov/docs/code/2025/147.2.rtf","","","2026-09-08","true","https://medsparadar.com/states/iowa/q/what-happens-if-you-practice-without-a-license"
"IA","Iowa","what-must-be-reported-to-the-board","Reporting duties","Iowa Admin. Code r. 481—660.1 (Mandatory reporting — judgments or settlements)","https://www.legis.iowa.gov/docs/iac/chapter/481.660.pdf","","","2026-09-04","true","https://medsparadar.com/states/iowa/q/what-must-be-reported-to-the-board"
"IA","Iowa","what-must-the-supervising-physician-do","Supervising physician duties","Iowa Admin. Code r. 481—655.6(5)(h) (Supervision — emergency protocols)","https://www.legis.iowa.gov/docs/iac/chapter/481.655.pdf","","","2026-09-04","true","https://medsparadar.com/states/iowa/q/what-must-the-supervising-physician-do"
"IA","Iowa","who-enforces-deceptive-med-spa-marketing","Marketing enforcement","Iowa Code § 714.16(7)","https://www.legis.iowa.gov/docs/code/714.16.pdf","","","2026-09-08","true","https://medsparadar.com/states/iowa/q/who-enforces-deceptive-med-spa-marketing"
"IA","Iowa","who-may-operate-a-cosmetic-laser","Laser & energy devices","Iowa Admin. Code r. 481—655.6(3) (Medical director)","https://www.legis.iowa.gov/docs/iac/chapter/481.655.pdf","","","2026-09-04","true","https://medsparadar.com/states/iowa/q/who-may-operate-a-cosmetic-laser"
"IA","Iowa","who-must-be-the-responsible-practitioner","Responsible practitioner","Iowa Admin. Code r. 481—655.6(1), (2), (7) (definition and exceptions — “medical director”)","https://www.legis.iowa.gov/docs/iac/chapter/481.655.pdf","","","2026-09-08","true","https://medsparadar.com/states/iowa/q/who-must-be-the-responsible-practitioner"
"KS","Kansas","can-a-med-spa-offer-compounded-glp-1","Compounded GLP-1","K.S.A. § 65-1626(k)(1)(A) (compounding must meet a need an FDA-APPROVED DRUG CANNOT FILL)","https://www.ksrevisor.gov/statutes/chapters/ch65/065_016_0026.html","","","2026-09-06","true","https://medsparadar.com/states/kansas/q/can-a-med-spa-offer-compounded-glp-1"
"KS","Kansas","can-a-medical-assistant-inject","Medical assistants","Kan. Stat. Ann. §65-2837(a)(14)","https://www.ksrevisor.gov/statutes/chapters/ch65/065_028_0037.html","","","2026-09-08","true","https://medsparadar.com/states/kansas/q/can-a-medical-assistant-inject"
"KS","Kansas","can-a-non-clinical-owner-take-a-percentage","Fees to a non-clinical owner","Kan. Stat. Ann. §65-2837(a)(19)","https://www.ksrevisor.gov/statutes/chapters/ch65/065_028_0037.html","","","2026-09-03","true","https://medsparadar.com/states/kansas/q/can-a-non-clinical-owner-take-a-percentage"
"KS","Kansas","can-a-non-physician-own-a-med-spa","Non-physician ownership","Kan. Stat. Ann. §17-2710","https://www.ksrevisor.gov/statutes/chapters/ch17/017_027_0010.html","","","2026-09-03","true","https://medsparadar.com/states/kansas/q/can-a-non-physician-own-a-med-spa"
"KS","Kansas","can-a-nurse-practitioner-work-without-a-physician","NP independence","Kan. Stat. Ann. §65-1130(a)","https://www.ksrevisor.gov/statutes/chapters/ch65/065_011_0030.html","","","2026-09-03","true","https://medsparadar.com/states/kansas/q/can-a-nurse-practitioner-work-without-a-physician"
"KS","Kansas","can-a-physician-assistant-inject-or-prescribe","Physician assistants","Kan. Stat. Ann. § 65-28a08(a), (b)(1)","https://www.ksrevisor.gov/statutes/chapters/ch65/065_028a_0008.html","","","2026-09-08","true","https://medsparadar.com/states/kansas/q/can-a-physician-assistant-inject-or-prescribe"
"KS","Kansas","can-an-rn-inject-botox-or-filler","RN injecting","Kan. Stat. Ann. §65-1130(a)","https://www.ksrevisor.gov/statutes/chapters/ch65/065_011_0030.html","","","2026-09-03","true","https://medsparadar.com/states/kansas/q/can-an-rn-inject-botox-or-filler"
"KS","Kansas","can-the-exam-be-done-by-telehealth","Telehealth exams","Kan. Stat. Ann. §40-2,212(b)","https://www.ksrevisor.gov/statutes/chapters/ch40/040_002_0212.html","","","2026-09-03","true","https://medsparadar.com/states/kansas/q/can-the-exam-be-done-by-telehealth"
"KS","Kansas","can-the-state-shut-down-an-unlicensed-med-spa","Shutdown powers","Kan. Stat. Ann. §65-2803(a)","https://www.ksrevisor.gov/statutes/chapters/ch65/065_028_0003.html","","","2026-09-03","true","https://medsparadar.com/states/kansas/q/can-the-state-shut-down-an-unlicensed-med-spa"
"KS","Kansas","does-a-med-spa-need-to-register","Registration & licensing","K.S.A. § 65-1626(k)(1)(A) (compounding must meet a need an FDA-APPROVED DRUG CANNOT FILL)","https://www.ksrevisor.gov/statutes/chapters/ch65/065_016_0026.html","","","2026-09-06","true","https://medsparadar.com/states/kansas/q/does-a-med-spa-need-to-register"
"KS","Kansas","is-a-medical-director-required","Medical director required?","Kan. Stat. Ann. §65-1901(f)","https://www.ksrevisor.gov/statutes/chapters/ch65/065_019_0001.html","","","2026-09-03","true","https://medsparadar.com/states/kansas/q/is-a-medical-director-required"
"KS","Kansas","is-an-exam-required-before-treatment","Exam before treatment","Kan. Stat. Ann. §40-2,212(b)","https://www.ksrevisor.gov/statutes/chapters/ch40/040_002_0212.html","","","2026-09-03","true","https://medsparadar.com/states/kansas/q/is-an-exam-required-before-treatment"
"KS","Kansas","may-an-esthetician-perform-microneedling","Esthetician microneedling","Kan. Stat. Ann. §65-1901(f)","https://www.ksrevisor.gov/statutes/chapters/ch65/065_019_0001.html","","","2026-09-03","true","https://medsparadar.com/states/kansas/q/may-an-esthetician-perform-microneedling"
"KS","Kansas","what-business-structure-is-required","Structure limits","Kan. Stat. Ann. §17-2710","https://www.ksrevisor.gov/statutes/chapters/ch17/017_027_0010.html","","","2026-09-03","true","https://medsparadar.com/states/kansas/q/what-business-structure-is-required"
"KS","Kansas","what-can-a-med-spa-advertise","Advertising limits","Kan. Stat. Ann. §65-2837(a)(1)","https://www.ksrevisor.gov/statutes/chapters/ch65/065_028_0037.html","","","2026-09-03","true","https://medsparadar.com/states/kansas/q/what-can-a-med-spa-advertise"
"KS","Kansas","what-can-a-practitioner-be-disciplined-for","Grounds for discipline","Kan. Stat. Ann. §65-2836(a)","https://www.ksrevisor.gov/statutes/chapters/ch65/065_028_0036.html","","","2026-09-03","true","https://medsparadar.com/states/kansas/q/what-can-a-practitioner-be-disciplined-for"
"KS","Kansas","what-does-it-cost-to-open","License fees","Kan. Stat. Ann. §65-1904(a)","https://www.ksrevisor.gov/statutes/chapters/ch65/065_019_0004.html","","","2026-09-03","true","https://medsparadar.com/states/kansas/q/what-does-it-cost-to-open"
"KS","Kansas","what-happens-if-you-practice-without-a-license","Unlicensed practice","Kan. Stat. Ann. §65-2803(c)","https://www.ksrevisor.gov/statutes/chapters/ch65/065_028_0003.html","","","2026-09-03","true","https://medsparadar.com/states/kansas/q/what-happens-if-you-practice-without-a-license"
"KS","Kansas","what-must-be-reported-to-the-board","Reporting duties","Kan. Stat. Ann. § 65-2836(t)","https://www.ksrevisor.gov/statutes/chapters/ch65/065_028_0036.html","","","2026-09-08","true","https://medsparadar.com/states/kansas/q/what-must-be-reported-to-the-board"
"KS","Kansas","what-must-the-supervising-physician-do","Supervising physician duties","Kan. Stat. Ann. §65-2837(a)(30)","https://www.ksrevisor.gov/statutes/chapters/ch65/065_028_0037.html","","","2026-09-08","true","https://medsparadar.com/states/kansas/q/what-must-the-supervising-physician-do"
"KS","Kansas","who-enforces-deceptive-med-spa-marketing","Marketing enforcement","Kan. Stat. Ann. §50-632(a)","https://www.ksrevisor.gov/statutes/chapters/ch50/050_006_0032.html","","","2026-09-03","true","https://medsparadar.com/states/kansas/q/who-enforces-deceptive-med-spa-marketing"
"KY","Kentucky","can-a-med-spa-offer-compounded-glp-1","Compounded GLP-1","201 KAR 2:076 Section 3(5)(b) (Compounding — standards; essential copies)","https://apps.legislature.ky.gov/law/kar/titles/201/002/076/","","","2026-09-07","true","https://medsparadar.com/states/kentucky/q/can-a-med-spa-offer-compounded-glp-1"
"KY","Kentucky","can-a-medical-assistant-inject","Medical assistants","Ky. Rev. Stat. §314.011(13) (“Nursing assistance” defined)","https://apps.legislature.ky.gov/law/statutes/statute.aspx?id=56086","","","2026-09-08","true","https://medsparadar.com/states/kentucky/q/can-a-medical-assistant-inject"
"KY","Kentucky","can-a-non-clinical-owner-take-a-percentage","Fees to a non-clinical owner","Ky. Rev. Stat. §311.595(19) (fee, commission or rebate for a referral — and the sharing carve-out is licensees only)","https://apps.legislature.ky.gov/law/statutes/statute.aspx?id=57426","","","2026-09-07","true","https://medsparadar.com/states/kentucky/q/can-a-non-clinical-owner-take-a-percentage"
"KY","Kentucky","can-a-non-physician-own-a-med-spa","Non-physician ownership","Ky. Rev. Stat. §311.560(1)","https://apps.legislature.ky.gov/law/statutes/statute.aspx?id=45843","","","2026-09-03","true","https://medsparadar.com/states/kentucky/q/can-a-non-physician-own-a-med-spa"
"KY","Kentucky","can-a-nurse-practitioner-work-without-a-physician","NP independence","Ky. Rev. Stat. §314.011(8)","https://apps.legislature.ky.gov/law/statutes/statute.aspx?id=56086","","","2026-09-03","true","https://medsparadar.com/states/kentucky/q/can-a-nurse-practitioner-work-without-a-physician"
"KY","Kentucky","can-a-physician-assistant-inject-or-prescribe","Physician assistants","Ky. Rev. Stat. §311.854(3)","https://apps.legislature.ky.gov/law/statutes/statute.aspx?id=57572","","","2026-09-03","true","https://medsparadar.com/states/kentucky/q/can-a-physician-assistant-inject-or-prescribe"
"KY","Kentucky","can-an-rn-inject-botox-or-filler","RN injecting","Ky. Rev. Stat. §311.854(1)","https://apps.legislature.ky.gov/law/statutes/statute.aspx?id=57572","","","2026-09-03","true","https://medsparadar.com/states/kentucky/q/can-an-rn-inject-botox-or-filler"
"KY","Kentucky","can-the-exam-be-done-by-telehealth","Telehealth exams","Ky. Rev. Stat. §311.5975(1)","https://apps.legislature.ky.gov/law/statutes/statute.aspx?id=30539","","","2026-09-03","true","https://medsparadar.com/states/kentucky/q/can-the-exam-be-done-by-telehealth"
"KY","Kentucky","can-the-state-shut-down-an-unlicensed-med-spa","Shutdown powers","Ky. Rev. Stat. §311.595(1)","https://apps.legislature.ky.gov/law/statutes/statute.aspx?id=57426","","","2026-09-03","true","https://medsparadar.com/states/kentucky/q/can-the-state-shut-down-an-unlicensed-med-spa"
"KY","Kentucky","does-a-med-spa-need-to-register","Registration & licensing","Ky. Rev. Stat. §317A.010(1)","https://apps.legislature.ky.gov/law/statutes/statute.aspx?id=53212","","","2026-09-03","true","https://medsparadar.com/states/kentucky/q/does-a-med-spa-need-to-register"
"KY","Kentucky","is-a-medical-director-required","Medical director required?","Ky. Rev. Stat. §317A.020(1)","https://apps.legislature.ky.gov/law/statutes/statute.aspx?id=56210","","","2026-09-03","true","https://medsparadar.com/states/kentucky/q/is-a-medical-director-required"
"KY","Kentucky","is-an-exam-required-before-treatment","Exam before treatment","Ky. Rev. Stat. §311.5975(1)","https://apps.legislature.ky.gov/law/statutes/statute.aspx?id=30539","","","2026-09-03","true","https://medsparadar.com/states/kentucky/q/is-an-exam-required-before-treatment"
"KY","Kentucky","may-an-esthetician-perform-microneedling","Esthetician microneedling","Ky. Rev. Stat. §317A.020(1)","https://apps.legislature.ky.gov/law/statutes/statute.aspx?id=56210","","","2026-09-03","true","https://medsparadar.com/states/kentucky/q/may-an-esthetician-perform-microneedling"
"KY","Kentucky","what-business-structure-is-required","Structure limits","Ky. Rev. Stat. §311.595(19) (the partnership and professional-service-corporation carve-out)","https://apps.legislature.ky.gov/law/statutes/statute.aspx?id=57426","","","2026-09-08","true","https://medsparadar.com/states/kentucky/q/what-business-structure-is-required"
"KY","Kentucky","what-can-a-med-spa-advertise","Advertising limits","Ky. Rev. Stat. §311.597(2)","https://apps.legislature.ky.gov/law/statutes/statute.aspx?id=52966","","","2026-09-03","true","https://medsparadar.com/states/kentucky/q/what-can-a-med-spa-advertise"
"KY","Kentucky","what-can-a-practitioner-be-disciplined-for","Grounds for discipline","Ky. Rev. Stat. §311.595(9)","https://apps.legislature.ky.gov/law/statutes/statute.aspx?id=57426","","","2026-09-03","true","https://medsparadar.com/states/kentucky/q/what-can-a-practitioner-be-disciplined-for"
"KY","Kentucky","what-does-it-cost-to-open","License fees","201 KAR 12:260 Section 1 (the esthetic salon fee a new studio actually pays)","https://apps.legislature.ky.gov/law/kar/titles/201/012/260/","","","2026-09-07","true","https://medsparadar.com/states/kentucky/q/what-does-it-cost-to-open"
"KY","Kentucky","what-happens-if-you-practice-without-a-license","Unlicensed practice","Ky. Rev. Stat. §311.990(4)","https://apps.legislature.ky.gov/law/statutes/statute.aspx?id=57549","","","2026-09-03","true","https://medsparadar.com/states/kentucky/q/what-happens-if-you-practice-without-a-license"
"KY","Kentucky","what-must-the-supervising-physician-do","Supervising physician duties","201 KAR 12:280, Section 3(2)","https://apps.legislature.ky.gov/law/kar/titles/201/012/280/","","","2026-09-20","true","https://medsparadar.com/states/kentucky/q/what-must-the-supervising-physician-do"
"KY","Kentucky","who-enforces-deceptive-med-spa-marketing","Marketing enforcement","Ky. Rev. Stat. §367.190(1)-(2) (Injunction — Hearing)","https://apps.legislature.ky.gov/law/statutes/statute.aspx?id=34919","","","2026-09-08","true","https://medsparadar.com/states/kentucky/q/who-enforces-deceptive-med-spa-marketing"
"LA","Louisiana","can-a-med-spa-offer-compounded-glp-1","Compounded GLP-1","La. Admin. Code tit. 46, pt. LIII, § 2533(A) (Definitions — Compounding; copies of a commercially available product are NOT compounding)","https://www.doa.la.gov/media/bfajf0q2/46v53.docx","","","2026-09-07","true","https://medsparadar.com/states/louisiana/q/can-a-med-spa-offer-compounded-glp-1"
"LA","Louisiana","can-a-medical-assistant-inject","Medical assistants","La. Rev. Stat. §37:1285(A)(18)","https://legis.la.gov/legis/Law.aspx?d=93167","","","2026-09-03","true","https://medsparadar.com/states/louisiana/q/can-a-medical-assistant-inject"
"LA","Louisiana","can-a-non-clinical-owner-take-a-percentage","Fees to a non-clinical owner","La. Rev. Stat. §37:1285(A)(19)","https://legis.la.gov/legis/Law.aspx?d=93167","","","2026-09-03","true","https://medsparadar.com/states/louisiana/q/can-a-non-clinical-owner-take-a-percentage"
"LA","Louisiana","can-a-non-physician-own-a-med-spa","Non-physician ownership","La. Rev. Stat. §37:1262(2)","https://legis.la.gov/legis/Law.aspx?d=93140","","","2026-09-03","true","https://medsparadar.com/states/louisiana/q/can-a-non-physician-own-a-med-spa"
"LA","Louisiana","can-a-nurse-practitioner-work-without-a-physician","NP independence","La. Rev. Stat. §37:913(1)","https://legis.la.gov/legis/Law.aspx?d=94501","","","2026-09-03","true","https://medsparadar.com/states/louisiana/q/can-a-nurse-practitioner-work-without-a-physician"
"LA","Louisiana","can-a-physician-assistant-inject-or-prescribe","Physician assistants","La. Rev. Stat. § 37:1360.31(A)(2), (C)(1) (Services performed by physician assistants)","https://legis.la.gov/legis/Law.aspx?d=93215","","","2026-09-08","true","https://medsparadar.com/states/louisiana/q/can-a-physician-assistant-inject-or-prescribe"
"LA","Louisiana","can-an-rn-inject-botox-or-filler","RN injecting","La. Rev. Stat. §37:913(1)","https://legis.la.gov/legis/Law.aspx?d=94501","","","2026-09-03","true","https://medsparadar.com/states/louisiana/q/can-an-rn-inject-botox-or-filler"
"LA","Louisiana","can-the-exam-be-done-by-telehealth","Telehealth exams","La. Rev. Stat. §37:1271","https://legis.la.gov/legis/Law.aspx?d=93150","","","2026-09-03","true","https://medsparadar.com/states/louisiana/q/can-the-exam-be-done-by-telehealth"
"LA","Louisiana","can-the-state-shut-down-an-unlicensed-med-spa","Shutdown powers","La. Rev. Stat. §37:1286(A)","https://legis.la.gov/legis/Law.aspx?d=93170","","","2026-09-03","true","https://medsparadar.com/states/louisiana/q/can-the-state-shut-down-an-unlicensed-med-spa"
"LA","Louisiana","does-a-med-spa-need-to-register","Registration & licensing","La. Rev. Stat. §37:562(C)","https://legis.la.gov/legis/Law.aspx?d=94322","","","2026-09-03","true","https://medsparadar.com/states/louisiana/q/does-a-med-spa-need-to-register"
"LA","Louisiana","is-a-medical-director-required","Medical director required?","La. Rev. Stat. §37:1285(A)(13)","https://legis.la.gov/legis/Law.aspx?d=93167","","","2026-09-03","true","https://medsparadar.com/states/louisiana/q/is-a-medical-director-required"
"LA","Louisiana","is-an-exam-required-before-treatment","Exam before treatment","La. Rev. Stat. §37:1285(A)(6)","https://legis.la.gov/legis/Law.aspx?d=93167","","","2026-09-03","true","https://medsparadar.com/states/louisiana/q/is-an-exam-required-before-treatment"
"LA","Louisiana","may-an-esthetician-perform-microneedling","Esthetician microneedling","La. Admin. Code tit. 46, pt. XXXI, § 717(A)(3)-(5) (Prohibited Services)","https://www.doa.la.gov/media/u0flf1a5/46v31.docx","","","2026-09-07","true","https://medsparadar.com/states/louisiana/q/may-an-esthetician-perform-microneedling"
"LA","Louisiana","what-business-structure-is-required","Structure limits","La. Rev. Stat. §37:563(4)","https://legis.la.gov/legis/Law.aspx?d=94323","","","2026-09-03","true","https://medsparadar.com/states/louisiana/q/what-business-structure-is-required"
"LA","Louisiana","what-can-a-med-spa-advertise","Advertising limits","La. Rev. Stat. §37:1285(A)(7)","https://legis.la.gov/legis/Law.aspx?d=93167","","","2026-09-03","true","https://medsparadar.com/states/louisiana/q/what-can-a-med-spa-advertise"
"LA","Louisiana","what-can-a-practitioner-be-disciplined-for","Grounds for discipline","La. Rev. Stat. §37:1285(A)(13)","https://legis.la.gov/legis/Law.aspx?d=93167","","","2026-09-08","true","https://medsparadar.com/states/louisiana/q/what-can-a-practitioner-be-disciplined-for"
"LA","Louisiana","what-does-it-cost-to-open","License fees","La. Rev. Stat. §37:599(A)(2)","https://legis.la.gov/legis/Law.aspx?d=94349","","","2026-09-07","true","https://medsparadar.com/states/louisiana/q/what-does-it-cost-to-open"
"LA","Louisiana","what-happens-if-you-practice-without-a-license","Unlicensed practice","La. Rev. Stat. §37:1290","https://legis.la.gov/legis/Law.aspx?d=93175","","","2026-09-03","true","https://medsparadar.com/states/louisiana/q/what-happens-if-you-practice-without-a-license"
"LA","Louisiana","who-enforces-deceptive-med-spa-marketing","Marketing enforcement","La. Rev. Stat. §51:1407(A) (Restraining prohibited acts)","https://legis.la.gov/legis/Law.aspx?d=104031","","","2026-09-08","true","https://medsparadar.com/states/louisiana/q/who-enforces-deceptive-med-spa-marketing"
"LA","Louisiana","who-may-operate-a-cosmetic-laser","Laser & energy devices","La. Admin. Code tit. 46, pt. XXXI, § 717(A)(2), (8) (Prohibited Services)","https://www.doa.la.gov/media/u0flf1a5/46v31.docx","","","2026-09-07","true","https://medsparadar.com/states/louisiana/q/who-may-operate-a-cosmetic-laser"
"ME","Maine","can-a-med-spa-offer-compounded-glp-1","Compounded GLP-1","32 M.R.S. § 13702-A(4) (compounding is a PHARMACIST’s act, and every limb is patient-specific but one)","https://legislature.maine.gov/statutes/32/title32sec13702-A.html","","","2026-09-06","true","https://medsparadar.com/states/maine/q/can-a-med-spa-offer-compounded-glp-1"
"ME","Maine","can-a-medical-assistant-inject","Medical assistants","32 M.R.S. §2102(2)(H), (11)","https://legislature.maine.gov/statutes/32/title32sec2102.html","","","2026-09-08","true","https://medsparadar.com/states/maine/q/can-a-medical-assistant-inject"
"ME","Maine","can-a-non-physician-own-a-med-spa","Non-physician ownership","13 M.R.S. §734(1)","https://legislature.maine.gov/statutes/13/title13sec734.html","","","2026-09-03","true","https://medsparadar.com/states/maine/q/can-a-non-physician-own-a-med-spa"
"ME","Maine","can-a-nurse-practitioner-work-without-a-physician","NP independence","32 M.R.S. §2102(2-A)","https://legislature.maine.gov/statutes/32/title32sec2102.html","","","2026-09-03","true","https://medsparadar.com/states/maine/q/can-a-nurse-practitioner-work-without-a-physician"
"ME","Maine","can-a-physician-assistant-inject-or-prescribe","Physician assistants","32 M.R.S. §3270-G(5)","https://legislature.maine.gov/statutes/32/title32sec3270-G.html","","","2026-09-03","true","https://medsparadar.com/states/maine/q/can-a-physician-assistant-inject-or-prescribe"
"ME","Maine","can-an-rn-inject-botox-or-filler","RN injecting","32 M.R.S. §2102(2-A)","https://legislature.maine.gov/statutes/32/title32sec2102.html","","","2026-09-03","true","https://medsparadar.com/states/maine/q/can-an-rn-inject-botox-or-filler"
"ME","Maine","can-the-exam-be-done-by-telehealth","Telehealth exams","32 M.R.S. §3300-BB","https://legislature.maine.gov/statutes/32/title32sec3300-BB.html","","","2026-09-03","true","https://medsparadar.com/states/maine/q/can-the-exam-be-done-by-telehealth"
"ME","Maine","can-the-state-shut-down-an-unlicensed-med-spa","Shutdown powers","32 M.R.S. §3282-A(1)(D)","https://legislature.maine.gov/statutes/32/title32sec3282-A.html","","","2026-09-03","true","https://medsparadar.com/states/maine/q/can-the-state-shut-down-an-unlicensed-med-spa"
"ME","Maine","does-a-med-spa-need-to-register","Registration & licensing","32 M.R.S. § 13702-A(4) (compounding is a PHARMACIST’s act, and every limb is patient-specific but one)","https://legislature.maine.gov/statutes/32/title32sec13702-A.html","","","2026-09-06","true","https://medsparadar.com/states/maine/q/does-a-med-spa-need-to-register"
"ME","Maine","is-a-medical-director-required","Medical director required?","32 M.R.S. §14202(7)","https://legislature.maine.gov/statutes/32/title32sec14202.html","","","2026-09-03","true","https://medsparadar.com/states/maine/q/is-a-medical-director-required"
"ME","Maine","is-an-exam-required-before-treatment","Exam before treatment","32 M.R.S. §3300-BB","https://legislature.maine.gov/statutes/32/title32sec3300-BB.html","","","2026-09-03","true","https://medsparadar.com/states/maine/q/is-an-exam-required-before-treatment"
"ME","Maine","may-an-esthetician-perform-microneedling","Esthetician microneedling","32 M.R.S. §14202(7)","https://legislature.maine.gov/statutes/32/title32sec14202.html","","","2026-09-03","true","https://medsparadar.com/states/maine/q/may-an-esthetician-perform-microneedling"
"ME","Maine","what-business-structure-is-required","Structure limits","13 M.R.S. §734(1)","https://legislature.maine.gov/statutes/13/title13sec734.html","","","2026-09-03","true","https://medsparadar.com/states/maine/q/what-business-structure-is-required"
"ME","Maine","what-can-a-med-spa-advertise","Advertising limits","32 M.R.S. §3282-A(1)(I)","https://legislature.maine.gov/statutes/32/title32sec3282-A.html","","","2026-09-03","true","https://medsparadar.com/states/maine/q/what-can-a-med-spa-advertise"
"ME","Maine","what-can-a-practitioner-be-disciplined-for","Grounds for discipline","32 M.R.S. §3282-A(1)(F)","https://legislature.maine.gov/statutes/32/title32sec3282-A.html","","","2026-09-03","true","https://medsparadar.com/states/maine/q/what-can-a-practitioner-be-disciplined-for"
"ME","Maine","what-does-it-cost-to-open","License fees","32 M.R.S. § 14238 (what it costs to open — a statutory CEILING of $100 for anything but a school)","https://legislature.maine.gov/statutes/32/title32sec14238.html","","","2026-09-06","true","https://medsparadar.com/states/maine/q/what-does-it-cost-to-open"
"ME","Maine","what-happens-if-you-practice-without-a-license","Unlicensed practice","32 M.R.S. §3270","https://legislature.maine.gov/statutes/32/title32sec3270.html","","","2026-09-08","true","https://medsparadar.com/states/maine/q/what-happens-if-you-practice-without-a-license"
"ME","Maine","who-enforces-deceptive-med-spa-marketing","Marketing enforcement","5 M.R.S. §209","https://legislature.maine.gov/statutes/5/title5sec209.html","","","2026-09-03","true","https://medsparadar.com/states/maine/q/who-enforces-deceptive-med-spa-marketing"
"MD","Maryland","can-a-med-spa-offer-compounded-glp-1","Compounded GLP-1","Md. Code Regs. 10.34.19.03(B)(9) (Sterile Pharmaceutical Compounding — “Compounding” defined)","https://dsd.maryland.gov/regulations/Pages/10.34.19.03.aspx","","","2026-09-07","true","https://medsparadar.com/states/maryland/q/can-a-med-spa-offer-compounded-glp-1"
"MD","Maryland","can-a-medical-assistant-inject","Medical assistants","Md. Code Regs. 10.32.12.04(D)(1)(j), (D)(2)(a)–(b)","https://dsd.maryland.gov/regulations/Pages/10.32.12.04.aspx","","","2026-09-08","true","https://medsparadar.com/states/maryland/q/can-a-medical-assistant-inject"
"MD","Maryland","can-a-non-clinical-owner-take-a-percentage","Fees to a non-clinical owner","Md. Code, Health Occ. §1-302(a) (Referrals by health care practitioners — prohibited)","https://mgaleg.maryland.gov/mgawebsite/Laws/StatuteText?article=gho&section=1-302&enactments=false","","","2026-09-07","true","https://medsparadar.com/states/maryland/q/can-a-non-clinical-owner-take-a-percentage"
"MD","Maryland","can-a-non-physician-own-a-med-spa","Non-physician ownership","Md. Code, Corps. & Ass’ns §5-102(a)(1)","https://mgaleg.maryland.gov/mgawebsite/Laws/StatuteText?article=gca&section=5-102&enactments=false","","","2026-09-03","true","https://medsparadar.com/states/maryland/q/can-a-non-physician-own-a-med-spa"
"MD","Maryland","can-a-nurse-practitioner-work-without-a-physician","NP independence","Md. Code Regs. 10.27.07.03(A) (Nurse Practitioner — Scope and Standards of Practice)","https://dsd.maryland.gov/regulations/Pages/10.27.07.03.aspx","","","2026-09-03","true","https://medsparadar.com/states/maryland/q/can-a-nurse-practitioner-work-without-a-physician"
"MD","Maryland","can-a-physician-assistant-inject-or-prescribe","Physician assistants","Md. Code, Health Occ. §14-306(a)-(b)","https://mgaleg.maryland.gov/mgawebsite/Laws/StatuteText?article=gho&section=14-306&enactments=false","","","2026-09-03","true","https://medsparadar.com/states/maryland/q/can-a-physician-assistant-inject-or-prescribe"
"MD","Maryland","can-an-rn-inject-botox-or-filler","RN injecting","Md. Code Regs. 10.27.07.03(A) (Nurse Practitioner — Scope and Standards of Practice)","https://dsd.maryland.gov/regulations/Pages/10.27.07.03.aspx","","","2026-09-03","true","https://medsparadar.com/states/maryland/q/can-an-rn-inject-botox-or-filler"
"MD","Maryland","can-the-exam-be-done-by-telehealth","Telehealth exams","Md. Code Regs. 10.32.05.05(A) (Patient Evaluation)","https://dsd.maryland.gov/regulations/Pages/10.32.05.05.aspx","","","2026-09-03","true","https://medsparadar.com/states/maryland/q/can-the-exam-be-done-by-telehealth"
"MD","Maryland","can-the-state-shut-down-an-unlicensed-med-spa","Shutdown powers","Md. Code, Health Occ. §14-404(a)(1)","https://mgaleg.maryland.gov/mgawebsite/Laws/StatuteText?article=gho&section=14-404&enactments=false","","","2026-09-03","true","https://medsparadar.com/states/maryland/q/can-the-state-shut-down-an-unlicensed-med-spa"
"MD","Maryland","does-a-med-spa-need-to-register","Registration & licensing","Md. Code, Bus. Occ. & Prof. §5-301(a)","https://mgaleg.maryland.gov/mgawebsite/Laws/StatuteText?article=gbo&section=5-301&enactments=false","","","2026-09-03","true","https://medsparadar.com/states/maryland/q/does-a-med-spa-need-to-register"
"MD","Maryland","is-a-medical-director-required","Medical director required?","Md. Code Regs. 10.32.12.03(A) (Standards for the Licensed Physician Delegating to an Assistant)","https://dsd.maryland.gov/regulations/Pages/10.32.12.03.aspx","","","2026-09-03","true","https://medsparadar.com/states/maryland/q/is-a-medical-director-required"
"MD","Maryland","is-an-exam-required-before-treatment","Exam before treatment","Md. Code Regs. 10.32.05.05(A) (Patient Evaluation)","https://dsd.maryland.gov/regulations/Pages/10.32.05.05.aspx","","","2026-09-03","true","https://medsparadar.com/states/maryland/q/is-an-exam-required-before-treatment"
"MD","Maryland","may-an-esthetician-perform-microneedling","Esthetician microneedling","Md. Code, Bus. Occ. & Prof. §5-101(o)(1)(i), (3) (“Provide esthetic services” — cosmetic microneedling included; ablation of the dermis excluded)","https://mgaleg.maryland.gov/mgawebsite/Laws/StatuteText?article=gbo&section=5-101&enactments=false","","","2026-09-07","true","https://medsparadar.com/states/maryland/q/may-an-esthetician-perform-microneedling"
"MD","Maryland","must-someone-be-on-site-during-treatment","On-site presence","Md. Code Regs. 10.32.12.04(B)(1), (D)(1), (D)(2)","https://dsd.maryland.gov/regulations/Pages/10.32.12.04.aspx","","","2026-09-08","true","https://medsparadar.com/states/maryland/q/must-someone-be-on-site-during-treatment"
"MD","Maryland","what-business-structure-is-required","Structure limits","Md. Code, Corps. & Ass’ns §5-102(a)(1)","https://mgaleg.maryland.gov/mgawebsite/Laws/StatuteText?article=gca&section=5-102&enactments=false","","","2026-09-03","true","https://medsparadar.com/states/maryland/q/what-business-structure-is-required"
"MD","Maryland","what-can-a-med-spa-advertise","Advertising limits","Md. Code, Health Occ. §14-503(a)","https://mgaleg.maryland.gov/mgawebsite/Laws/StatuteText?article=gho&section=14-503&enactments=false","","","2026-09-03","true","https://medsparadar.com/states/maryland/q/what-can-a-med-spa-advertise"
"MD","Maryland","what-can-a-practitioner-be-disciplined-for","Grounds for discipline","Md. Code, Health Occ. §14-404(a)(3)","https://mgaleg.maryland.gov/mgawebsite/Laws/StatuteText?article=gho&section=14-404&enactments=false","","","2026-09-03","true","https://medsparadar.com/states/maryland/q/what-can-a-practitioner-be-disciplined-for"
"MD","Maryland","what-does-it-cost-to-open","License fees","Maryland Board of Cosmetologists — Forms and Fees (published schedule under Bus. Occ. & Prof. §5-208(c))","https://www.labor.maryland.gov/license/cos/cosaff.shtml","","","2026-09-07","true","https://medsparadar.com/states/maryland/q/what-does-it-cost-to-open"
"MD","Maryland","what-happens-if-you-practice-without-a-license","Unlicensed practice","Md. Code, Health Occ. §14-601","https://mgaleg.maryland.gov/mgawebsite/Laws/StatuteText?article=gho&section=14-601&enactments=false","","","2026-09-08","true","https://medsparadar.com/states/maryland/q/what-happens-if-you-practice-without-a-license"
"MD","Maryland","what-must-the-supervising-physician-do","Supervising physician duties","Md. Code Regs. 10.32.12.04(B)(2)","https://dsd.maryland.gov/regulations/Pages/10.32.12.04.aspx","","","2026-09-03","true","https://medsparadar.com/states/maryland/q/what-must-the-supervising-physician-do"
"MD","Maryland","who-enforces-deceptive-med-spa-marketing","Marketing enforcement","Md. Code, Com. Law §13-406","https://mgaleg.maryland.gov/mgawebsite/Laws/StatuteText?article=gcl&section=13-406&enactments=false","","","2026-09-08","true","https://medsparadar.com/states/maryland/q/who-enforces-deceptive-med-spa-marketing"
"MD","Maryland","who-may-operate-a-cosmetic-laser","Laser & energy devices","Md. Code, Bus. Occ. & Prof. §5-101(o)(1)(iii)","https://mgaleg.maryland.gov/mgawebsite/Laws/StatuteText?article=gbo&section=5-101&enactments=false","","","2026-09-07","true","https://medsparadar.com/states/maryland/q/who-may-operate-a-cosmetic-laser"
"MA","Massachusetts","can-a-management-company-run-the-business-side","Management companies (MSO)","Mass. Gen. Laws ch. 156A, § 9","https://malegislature.gov/Laws/GeneralLaws/PartI/TitleXXII/Chapter156A/Section9","","","2026-09-01","true","https://medsparadar.com/states/massachusetts/q/can-a-management-company-run-the-business-side"
"MA","Massachusetts","can-a-med-spa-offer-compounded-glp-1","Compounded GLP-1","Mass. Gen. Laws ch. 112, § 39G(a)(1)–(2)","https://malegislature.gov/Laws/GeneralLaws/PartI/TitleXVI/Chapter112/Section39G","","","2026-09-02","true","https://medsparadar.com/states/massachusetts/q/can-a-med-spa-offer-compounded-glp-1"
"MA","Massachusetts","can-a-medical-assistant-inject","Medical assistants","Mass. Gen. Laws ch. 112, § 80B","https://malegislature.gov/Laws/GeneralLaws/PartI/TitleXVI/Chapter112/Section80B","","","2026-09-01","true","https://medsparadar.com/states/massachusetts/q/can-a-medical-assistant-inject"
"MA","Massachusetts","can-a-non-clinical-owner-take-a-percentage","Fees to a non-clinical owner","Mass. Gen. Laws ch. 175H, § 3(a)","https://malegislature.gov/Laws/GeneralLaws/PartI/TitleXXII/Chapter175H/Section3","","","2026-09-02","true","https://medsparadar.com/states/massachusetts/q/can-a-non-clinical-owner-take-a-percentage"
"MA","Massachusetts","can-a-non-physician-own-a-med-spa","Non-physician ownership","Mass. Gen. Laws ch. 156A, § 10(a)","https://malegislature.gov/Laws/GeneralLaws/PartI/TitleXXII/Chapter156A/Section10","","","2026-09-01","true","https://medsparadar.com/states/massachusetts/q/can-a-non-physician-own-a-med-spa"
"MA","Massachusetts","can-a-nurse-practitioner-work-without-a-physician","NP independence","Mass. Gen. Laws ch. 112, § 80E(a)","https://malegislature.gov/Laws/GeneralLaws/PartI/TitleXVI/Chapter112/Section80E","","","2026-09-02","true","https://medsparadar.com/states/massachusetts/q/can-a-nurse-practitioner-work-without-a-physician"
"MA","Massachusetts","can-a-physician-assistant-inject-or-prescribe","Physician assistants","Mass. Gen. Laws ch. 112, § 9E","https://malegislature.gov/Laws/GeneralLaws/PartI/TitleXVI/Chapter112/Section9E","","","2026-09-01","true","https://medsparadar.com/states/massachusetts/q/can-a-physician-assistant-inject-or-prescribe"
"MA","Massachusetts","can-an-rn-inject-botox-or-filler","RN injecting","Mass. Gen. Laws ch. 112, § 80B","https://malegislature.gov/Laws/GeneralLaws/PartI/TitleXVI/Chapter112/Section80B","","","2026-09-01","true","https://medsparadar.com/states/massachusetts/q/can-an-rn-inject-botox-or-filler"
"MA","Massachusetts","can-the-exam-be-done-by-telehealth","Telehealth exams","Mass. Gen. Laws ch. 112, § 5O(a)","https://malegislature.gov/Laws/GeneralLaws/PartI/TitleXVI/Chapter112/Section5O","","","2026-09-01","true","https://medsparadar.com/states/massachusetts/q/can-the-exam-be-done-by-telehealth"
"MA","Massachusetts","can-the-state-shut-down-an-unlicensed-med-spa","Shutdown powers","Mass. Gen. Laws ch. 112, § 5","https://malegislature.gov/Laws/GeneralLaws/PartI/TitleXVI/Chapter112/Section5","","","2026-09-08","true","https://medsparadar.com/states/massachusetts/q/can-the-state-shut-down-an-unlicensed-med-spa"
"MA","Massachusetts","does-a-med-spa-need-to-register","Registration & licensing","Mass. Gen. Laws ch. 112, § 39G(a)(1)–(2)","https://malegislature.gov/Laws/GeneralLaws/PartI/TitleXVI/Chapter112/Section39G","","","2026-09-02","true","https://medsparadar.com/states/massachusetts/q/does-a-med-spa-need-to-register"
"MA","Massachusetts","is-a-medical-director-required","Medical director required?","Mass. Gen. Laws ch. 112, § 9E","https://malegislature.gov/Laws/GeneralLaws/PartI/TitleXVI/Chapter112/Section9E","","","2026-09-01","true","https://medsparadar.com/states/massachusetts/q/is-a-medical-director-required"
"MA","Massachusetts","is-an-exam-required-before-treatment","Exam before treatment","Mass. Gen. Laws ch. 112, § 5O(a)","https://malegislature.gov/Laws/GeneralLaws/PartI/TitleXVI/Chapter112/Section5O","","","2026-09-01","true","https://medsparadar.com/states/massachusetts/q/is-an-exam-required-before-treatment"
"MA","Massachusetts","may-an-esthetician-perform-microneedling","Esthetician microneedling","Mass. Gen. Laws ch. 112, § 87T (definition of “Aesthetics”)","https://malegislature.gov/Laws/GeneralLaws/PartI/TitleXVI/Chapter112/Section87T","","","2026-09-02","true","https://medsparadar.com/states/massachusetts/q/may-an-esthetician-perform-microneedling"
"MA","Massachusetts","what-business-structure-is-required","Structure limits","Mass. Gen. Laws ch. 156A, § 10(a)","https://malegislature.gov/Laws/GeneralLaws/PartI/TitleXXII/Chapter156A/Section10","","","2026-09-01","true","https://medsparadar.com/states/massachusetts/q/what-business-structure-is-required"
"MA","Massachusetts","what-can-a-med-spa-advertise","Advertising limits","Mass. Gen. Laws ch. 112, § 8A","https://malegislature.gov/Laws/GeneralLaws/PartI/TitleXVI/Chapter112/Section8A","","","2026-09-01","true","https://medsparadar.com/states/massachusetts/q/what-can-a-med-spa-advertise"
"MA","Massachusetts","what-can-a-practitioner-be-disciplined-for","Grounds for discipline","Mass. Gen. Laws ch. 112, § 5(a)–(c)","https://malegislature.gov/Laws/GeneralLaws/PartI/TitleXVI/Chapter112/Section5","","","2026-09-08","true","https://medsparadar.com/states/massachusetts/q/what-can-a-practitioner-be-disciplined-for"
"MA","Massachusetts","what-does-it-cost-to-open","License fees","Mass. Gen. Laws ch. 112, § 87CC","https://malegislature.gov/Laws/GeneralLaws/PartI/TitleXVI/Chapter112/Section87CC","","","2026-09-02","true","https://medsparadar.com/states/massachusetts/q/what-does-it-cost-to-open"
"MA","Massachusetts","what-happens-if-you-practice-without-a-license","Unlicensed practice","Mass. Gen. Laws ch. 112, § 6","https://malegislature.gov/Laws/GeneralLaws/PartI/TitleXVI/Chapter112/Section6","","","2026-09-01","true","https://medsparadar.com/states/massachusetts/q/what-happens-if-you-practice-without-a-license"
"MA","Massachusetts","what-must-be-reported-to-the-board","Reporting duties","Mass. Gen. Laws ch. 112, § 39G(a)(5)","https://malegislature.gov/Laws/GeneralLaws/PartI/TitleXVI/Chapter112/Section39G","","","2026-09-08","true","https://medsparadar.com/states/massachusetts/q/what-must-be-reported-to-the-board"
"MA","Massachusetts","what-must-the-supervising-physician-do","Supervising physician duties","Mass. Gen. Laws ch. 112, § 9E","https://malegislature.gov/Laws/GeneralLaws/PartI/TitleXVI/Chapter112/Section9E","","","2026-09-01","true","https://medsparadar.com/states/massachusetts/q/what-must-the-supervising-physician-do"
"MA","Massachusetts","who-enforces-deceptive-med-spa-marketing","Marketing enforcement","Mass. Gen. Laws ch. 93A, § 4","https://malegislature.gov/Laws/GeneralLaws/PartI/TitleXV/Chapter93A/Section4","","","2026-09-08","true","https://medsparadar.com/states/massachusetts/q/who-enforces-deceptive-med-spa-marketing"
"MI","Michigan","can-a-med-spa-offer-compounded-glp-1","Compounded GLP-1","Mich. Comp. Laws § 333.17748(1)","https://www.legislature.mi.gov/Laws/MCL?objectName=mcl-333-17748","https://web.archive.org/web/2026/https://www.legislature.mi.gov/Laws/MCL?objectName=mcl-333-17748","Internet Archive snapshot — evidence of a page, not the current rule","2026-09-02","true","https://medsparadar.com/states/michigan/q/can-a-med-spa-offer-compounded-glp-1"
"MI","Michigan","can-a-medical-assistant-inject","Medical assistants","Mich. Comp. Laws § 333.16215(1)","https://www.legislature.mi.gov/Laws/MCL?objectName=mcl-333-16215","https://web.archive.org/web/2026/https://www.legislature.mi.gov/Laws/MCL?objectName=mcl-333-16215","Internet Archive snapshot — evidence of a page, not the current rule","2026-09-02","true","https://medsparadar.com/states/michigan/q/can-a-medical-assistant-inject"
"MI","Michigan","can-a-non-clinical-owner-take-a-percentage","Fees to a non-clinical owner","Mich. Comp. Laws § 333.16221(d)(i)–(ii)","https://www.legislature.mi.gov/Laws/MCL?objectName=mcl-333-16221","https://web.archive.org/web/2026/https://www.legislature.mi.gov/Laws/MCL?objectName=mcl-333-16221","Internet Archive snapshot — evidence of a page, not the current rule","2026-09-02","true","https://medsparadar.com/states/michigan/q/can-a-non-clinical-owner-take-a-percentage"
"MI","Michigan","can-a-non-physician-own-a-med-spa","Non-physician ownership","Mich. Comp. Laws § 333.16221(d)(i)–(ii)","https://www.legislature.mi.gov/Laws/MCL?objectName=mcl-333-16221","https://web.archive.org/web/2026/https://www.legislature.mi.gov/Laws/MCL?objectName=mcl-333-16221","Internet Archive snapshot — evidence of a page, not the current rule","2026-09-02","true","https://medsparadar.com/states/michigan/q/can-a-non-physician-own-a-med-spa"
"MI","Michigan","can-a-nurse-practitioner-work-without-a-physician","NP independence","Mich. Comp. Laws § 333.17201 (scope of this section)","https://www.legislature.mi.gov/Laws/MCL?objectName=mcl-333-17201","https://web.archive.org/web/2026/https://www.legislature.mi.gov/Laws/MCL?objectName=mcl-333-17201","Internet Archive snapshot — evidence of a page, not the current rule","2026-09-02","true","https://medsparadar.com/states/michigan/q/can-a-nurse-practitioner-work-without-a-physician"
"MI","Michigan","can-a-physician-assistant-inject-or-prescribe","Physician assistants","Mich. Comp. Laws § 333.17047 (Practice agreement required; contents)","https://www.legislature.mi.gov/Laws/MCL?objectName=mcl-333-17047","https://web.archive.org/web/2026/https://www.legislature.mi.gov/Laws/MCL?objectName=mcl-333-17047","Internet Archive snapshot — evidence of a page, not the current rule","2026-09-08","true","https://medsparadar.com/states/michigan/q/can-a-physician-assistant-inject-or-prescribe"
"MI","Michigan","can-an-rn-inject-botox-or-filler","RN injecting","Mich. Comp. Laws § 333.17201 (scope of this section)","https://www.legislature.mi.gov/Laws/MCL?objectName=mcl-333-17201","https://web.archive.org/web/2026/https://www.legislature.mi.gov/Laws/MCL?objectName=mcl-333-17201","Internet Archive snapshot — evidence of a page, not the current rule","2026-09-02","true","https://medsparadar.com/states/michigan/q/can-an-rn-inject-botox-or-filler"
"MI","Michigan","can-the-exam-be-done-by-telehealth","Telehealth exams","Mich. Comp. Laws § 333.16284","https://www.legislature.mi.gov/Laws/MCL?objectName=mcl-333-16284","https://web.archive.org/web/2026/https://www.legislature.mi.gov/Laws/MCL?objectName=mcl-333-16284","Internet Archive snapshot — evidence of a page, not the current rule","2026-09-02","true","https://medsparadar.com/states/michigan/q/can-the-exam-be-done-by-telehealth"
"MI","Michigan","can-the-state-shut-down-an-unlicensed-med-spa","Shutdown powers","Mich. Comp. Laws § 333.16226(1)","https://www.legislature.mi.gov/Laws/MCL?objectName=mcl-333-16226","https://web.archive.org/web/2026/https://www.legislature.mi.gov/Laws/MCL?objectName=mcl-333-16226","Internet Archive snapshot — evidence of a page, not the current rule","2026-09-02","true","https://medsparadar.com/states/michigan/q/can-the-state-shut-down-an-unlicensed-med-spa"
"MI","Michigan","does-a-med-spa-need-to-register","Registration & licensing","Mich. Comp. Laws § 333.17748(1)","https://www.legislature.mi.gov/Laws/MCL?objectName=mcl-333-17748","https://web.archive.org/web/2026/https://www.legislature.mi.gov/Laws/MCL?objectName=mcl-333-17748","Internet Archive snapshot — evidence of a page, not the current rule","2026-09-02","true","https://medsparadar.com/states/michigan/q/does-a-med-spa-need-to-register"
"MI","Michigan","is-a-medical-director-required","Medical director required?","Mich. Comp. Laws § 333.16215(1)","https://www.legislature.mi.gov/Laws/MCL?objectName=mcl-333-16215","https://web.archive.org/web/2026/https://www.legislature.mi.gov/Laws/MCL?objectName=mcl-333-16215","Internet Archive snapshot — evidence of a page, not the current rule","2026-09-02","true","https://medsparadar.com/states/michigan/q/is-a-medical-director-required"
"MI","Michigan","is-an-exam-required-before-treatment","Exam before treatment","Mich. Comp. Laws pt. 161 — section index (surveyed in full)","https://www.legislature.mi.gov/Laws/MCL?objectName=mcl-368-1978-15-161","https://web.archive.org/web/2026/https://www.legislature.mi.gov/Laws/MCL?objectName=mcl-368-1978-15-161","Internet Archive snapshot — evidence of a page, not the current rule","2026-09-02","true","https://medsparadar.com/states/michigan/q/is-an-exam-required-before-treatment"
"MI","Michigan","may-an-esthetician-perform-microneedling","Esthetician microneedling","Mich. Comp. Laws § 339.1210(3)","https://www.legislature.mi.gov/Laws/MCL?objectName=mcl-339-1210","","","2026-09-02","true","https://medsparadar.com/states/michigan/q/may-an-esthetician-perform-microneedling"
"MI","Michigan","must-someone-be-on-site-during-treatment","On-site presence","Mich. Comp. Laws § 333.16215(2)","https://www.legislature.mi.gov/Laws/MCL?objectName=mcl-333-16215","https://web.archive.org/web/2026/https://www.legislature.mi.gov/Laws/MCL?objectName=mcl-333-16215","Internet Archive snapshot — evidence of a page, not the current rule","2026-09-02","true","https://medsparadar.com/states/michigan/q/must-someone-be-on-site-during-treatment"
"MI","Michigan","what-business-structure-is-required","Structure limits","Mich. Comp. Laws § 450.1283(1) and (2)","https://www.legislature.mi.gov/Laws/MCL?objectName=mcl-450-1283","https://web.archive.org/web/2026/https://www.legislature.mi.gov/Laws/MCL?objectName=mcl-450-1283","Internet Archive snapshot — evidence of a page, not the current rule","2026-09-02","true","https://medsparadar.com/states/michigan/q/what-business-structure-is-required"
"MI","Michigan","what-can-a-med-spa-advertise","Advertising limits","Mich. Comp. Laws § 333.16221(d)(i)","https://www.legislature.mi.gov/Laws/MCL?objectName=mcl-333-16221","https://web.archive.org/web/2026/https://www.legislature.mi.gov/Laws/MCL?objectName=mcl-333-16221","Internet Archive snapshot — evidence of a page, not the current rule","2026-09-02","true","https://medsparadar.com/states/michigan/q/what-can-a-med-spa-advertise"
"MI","Michigan","what-can-a-practitioner-be-disciplined-for","Grounds for discipline","Mich. Comp. Laws § 333.16221(e)(i)–(iii)","https://www.legislature.mi.gov/Laws/MCL?objectName=mcl-333-16221","https://web.archive.org/web/2026/https://www.legislature.mi.gov/Laws/MCL?objectName=mcl-333-16221","Internet Archive snapshot — evidence of a page, not the current rule","2026-09-08","true","https://medsparadar.com/states/michigan/q/what-can-a-practitioner-be-disciplined-for"
"MI","Michigan","what-does-it-cost-to-open","License fees","Mich. Comp. Laws § 338.2225(a), (c)","https://www.legislature.mi.gov/Laws/MCL?objectName=mcl-338-2225","","","2026-09-02","true","https://medsparadar.com/states/michigan/q/what-does-it-cost-to-open"
"MI","Michigan","what-happens-if-you-practice-without-a-license","Unlicensed practice","Mich. Comp. Laws § 333.16294","https://www.legislature.mi.gov/Laws/MCL?objectName=mcl-333-16294","https://web.archive.org/web/2026/https://www.legislature.mi.gov/Laws/MCL?objectName=mcl-333-16294","Internet Archive snapshot — evidence of a page, not the current rule","2026-09-02","true","https://medsparadar.com/states/michigan/q/what-happens-if-you-practice-without-a-license"
"MI","Michigan","what-must-be-reported-to-the-board","Reporting duties","Mich. Comp. Laws § 333.17748(4)","https://www.legislature.mi.gov/Laws/MCL?objectName=mcl-333-17748","https://web.archive.org/web/2026/https://www.legislature.mi.gov/Laws/MCL?objectName=mcl-333-17748","Internet Archive snapshot — evidence of a page, not the current rule","2026-09-08","true","https://medsparadar.com/states/michigan/q/what-must-be-reported-to-the-board"
"MI","Michigan","what-must-the-supervising-physician-do","Supervising physician duties","Mich. Comp. Laws § 333.16276(5)(c) (“Supervision” defined for laser procedures)","https://www.legislature.mi.gov/Laws/MCL?objectName=mcl-333-16276","https://web.archive.org/web/2026/https://www.legislature.mi.gov/Laws/MCL?objectName=mcl-333-16276","Internet Archive snapshot — evidence of a page, not the current rule","2026-09-08","true","https://medsparadar.com/states/michigan/q/what-must-the-supervising-physician-do"
"MI","Michigan","who-enforces-deceptive-med-spa-marketing","Marketing enforcement","Mich. Comp. Laws § 445.905(1)","https://www.legislature.mi.gov/Laws/MCL?objectName=mcl-445-905","https://web.archive.org/web/2026/https://www.legislature.mi.gov/Laws/MCL?objectName=mcl-445-905","Internet Archive snapshot — evidence of a page, not the current rule","2026-09-08","true","https://medsparadar.com/states/michigan/q/who-enforces-deceptive-med-spa-marketing"
"MI","Michigan","who-may-operate-a-cosmetic-laser","Laser & energy devices","Mich. Comp. Laws § 333.16276(1)–(3), (5)(b)","https://www.legislature.mi.gov/Laws/MCL?objectName=mcl-333-16276","https://web.archive.org/web/2026/https://www.legislature.mi.gov/Laws/MCL?objectName=mcl-333-16276","Internet Archive snapshot — evidence of a page, not the current rule","2026-09-08","true","https://medsparadar.com/states/michigan/q/who-may-operate-a-cosmetic-laser"
"MN","Minnesota","can-a-med-spa-offer-compounded-glp-1","Compounded GLP-1","Minn. Stat. § 151.01, subd. 35","https://www.revisor.mn.gov/statutes/cite/151.01","","","2026-09-02","true","https://medsparadar.com/states/minnesota/q/can-a-med-spa-offer-compounded-glp-1"
"MN","Minnesota","can-a-medical-assistant-inject","Medical assistants","Minn. Stat. § 147.081, subd. 2","https://www.revisor.mn.gov/statutes/cite/147.081","","","2026-09-02","true","https://medsparadar.com/states/minnesota/q/can-a-medical-assistant-inject"
"MN","Minnesota","can-a-non-clinical-owner-take-a-percentage","Fees to a non-clinical owner","Minn. Stat. § 147.091, subd. 1(p)(4)","https://www.revisor.mn.gov/statutes/cite/147.091","","","2026-09-02","true","https://medsparadar.com/states/minnesota/q/can-a-non-clinical-owner-take-a-percentage"
"MN","Minnesota","can-a-non-physician-own-a-med-spa","Non-physician ownership","Minn. Stat. § 147.091, subd. 1(p)(4)","https://www.revisor.mn.gov/statutes/cite/147.091","","","2026-09-02","true","https://medsparadar.com/states/minnesota/q/can-a-non-physician-own-a-med-spa"
"MN","Minnesota","can-a-nurse-practitioner-work-without-a-physician","NP independence","Minn. Stat. § 148.171, subd. 13(a)","https://www.revisor.mn.gov/statutes/cite/148.171","","","2026-09-02","true","https://medsparadar.com/states/minnesota/q/can-a-nurse-practitioner-work-without-a-physician"
"MN","Minnesota","can-a-physician-assistant-inject-or-prescribe","Physician assistants","Minn. Stat. § 147A.09, subd. 1–2","https://www.revisor.mn.gov/statutes/cite/147A.09","","","2026-09-08","true","https://medsparadar.com/states/minnesota/q/can-a-physician-assistant-inject-or-prescribe"
"MN","Minnesota","can-an-rn-inject-botox-or-filler","RN injecting","Minn. Stat. § 151.37, subd. 2(a)","https://www.revisor.mn.gov/statutes/cite/151.37","","","2026-09-02","true","https://medsparadar.com/states/minnesota/q/can-an-rn-inject-botox-or-filler"
"MN","Minnesota","can-private-equity-invest-in-a-med-spa","Private-equity investment","Minn. Stat. § 319B.07, subd. 2","https://www.revisor.mn.gov/statutes/cite/319B.07","","","2026-09-02","true","https://medsparadar.com/states/minnesota/q/can-private-equity-invest-in-a-med-spa"
"MN","Minnesota","can-the-exam-be-done-by-telehealth","Telehealth exams","Minn. Stat. § 151.37, subd. 2(e)","https://www.revisor.mn.gov/statutes/cite/151.37","","","2026-09-02","true","https://medsparadar.com/states/minnesota/q/can-the-exam-be-done-by-telehealth"
"MN","Minnesota","can-the-state-shut-down-an-unlicensed-med-spa","Shutdown powers","Minn. Stat. § 147.141(1)–(4), (6)–(7)","https://www.revisor.mn.gov/statutes/cite/147.141","","","2026-09-02","true","https://medsparadar.com/states/minnesota/q/can-the-state-shut-down-an-unlicensed-med-spa"
"MN","Minnesota","does-a-med-spa-need-to-register","Registration & licensing","Minn. Stat. ch. 147 (surveyed in full via the chapter text)","https://www.revisor.mn.gov/statutes/cite/147/full","","","2026-09-02","true","https://medsparadar.com/states/minnesota/q/does-a-med-spa-need-to-register"
"MN","Minnesota","is-a-medical-director-required","Medical director required?","Minn. Stat. ch. 147 (surveyed in full via the chapter text)","https://www.revisor.mn.gov/statutes/cite/147/full","","","2026-09-02","true","https://medsparadar.com/states/minnesota/q/is-a-medical-director-required"
"MN","Minnesota","is-an-exam-required-before-treatment","Exam before treatment","Minn. Stat. § 151.37, subd. 2(d)","https://www.revisor.mn.gov/statutes/cite/151.37","","","2026-09-02","true","https://medsparadar.com/states/minnesota/q/is-an-exam-required-before-treatment"
"MN","Minnesota","may-an-esthetician-perform-microneedling","Esthetician microneedling","Minn. R. 2105.0105, subp. 5","https://www.revisor.mn.gov/rules/2105.0105/","","","2026-09-20","true","https://medsparadar.com/states/minnesota/q/may-an-esthetician-perform-microneedling"
"MN","Minnesota","what-business-structure-is-required","Structure limits","Minn. Stat. § 147.091, subd. 1(p)(1)–(3)","https://www.revisor.mn.gov/statutes/cite/147.091","","","2026-09-02","true","https://medsparadar.com/states/minnesota/q/what-business-structure-is-required"
"MN","Minnesota","what-can-a-med-spa-advertise","Advertising limits","Minn. Stat. § 147.091, subd. 1(e)","https://www.revisor.mn.gov/statutes/cite/147.091","","","2026-09-02","true","https://medsparadar.com/states/minnesota/q/what-can-a-med-spa-advertise"
"MN","Minnesota","what-can-a-practitioner-be-disciplined-for","Grounds for discipline","Minn. Stat. § 147.091, subd. 1(g)","https://www.revisor.mn.gov/statutes/cite/147.091","","","2026-09-08","true","https://medsparadar.com/states/minnesota/q/what-can-a-practitioner-be-disciplined-for"
"MN","Minnesota","what-does-it-cost-to-open","License fees","Minn. Stat. § 155A.25, subd. 1a(b)","https://www.revisor.mn.gov/statutes/cite/155A.25","","","2026-09-02","true","https://medsparadar.com/states/minnesota/q/what-does-it-cost-to-open"
"MN","Minnesota","what-happens-if-you-practice-without-a-license","Unlicensed practice","Minn. Stat. § 147.081, subd. 1–2","https://www.revisor.mn.gov/statutes/cite/147.081","","","2026-09-08","true","https://medsparadar.com/states/minnesota/q/what-happens-if-you-practice-without-a-license"
"MN","Minnesota","what-must-be-reported-to-the-board","Reporting duties","Minn. Stat. § 147.091 subd. 1(d)","https://www.revisor.mn.gov/statutes/cite/147.091","","","2026-09-08","true","https://medsparadar.com/states/minnesota/q/what-must-be-reported-to-the-board"
"MN","Minnesota","who-enforces-deceptive-med-spa-marketing","Marketing enforcement","Minn. Stat. § 8.31, subd. 1","https://www.revisor.mn.gov/statutes/cite/8.31","","","2026-09-08","true","https://medsparadar.com/states/minnesota/q/who-enforces-deceptive-med-spa-marketing"
"MN","Minnesota","who-may-operate-a-cosmetic-laser","Laser & energy devices","Minn. Stat. § 147.081, subd. 3(4)","https://www.revisor.mn.gov/statutes/cite/147.081","","","2026-09-02","true","https://medsparadar.com/states/minnesota/q/who-may-operate-a-cosmetic-laser"
"MS","Mississippi","can-a-med-spa-offer-compounded-glp-1","Compounded GLP-1","Miss. Code Ann. § 73-21-73(z) (“Practice of pharmacy”)","https://www.mbp.ms.gov/sites/default/files/2025-09/Compilation_0.pdf","","","2026-09-08","true","https://medsparadar.com/states/mississippi/q/can-a-med-spa-offer-compounded-glp-1"
"MS","Mississippi","can-a-medical-assistant-inject","Medical assistants","Miss. Code Ann. § 41-121-9(2)-(3)","https://www.msbml.ms.gov/mississippi-medical-practice-act","","","2026-09-08","true","https://medsparadar.com/states/mississippi/q/can-a-medical-assistant-inject"
"MS","Mississippi","can-a-non-physician-own-a-med-spa","Non-physician ownership","Miss. Code Ann. § 79-10-5(h)","https://www.sos.ms.gov/content/documents/pol_res/3statute.pdf","","","2026-09-08","true","https://medsparadar.com/states/mississippi/q/can-a-non-physician-own-a-med-spa"
"MS","Mississippi","can-a-nurse-practitioner-work-without-a-physician","NP independence","Miss. Code Ann. § 73-15-5(4)","https://www.msbn.ms.gov/sites/default/files/documents/Legal/Nurse%20Practice%20Law%202026.pdf","","","2026-09-08","true","https://medsparadar.com/states/mississippi/q/can-a-nurse-practitioner-work-without-a-physician"
"MS","Mississippi","can-a-physician-assistant-inject-or-prescribe","Physician assistants","Miss. Code Ann. § 73-26-3(1)","https://www.msbml.ms.gov/mississippi-medical-practice-act","","","2026-09-08","true","https://medsparadar.com/states/mississippi/q/can-a-physician-assistant-inject-or-prescribe"
"MS","Mississippi","can-an-rn-inject-botox-or-filler","RN injecting","Miss. Code Ann. § 73-15-5(2)","https://www.msbn.ms.gov/sites/default/files/documents/Legal/Nurse%20Practice%20Law%202026.pdf","","","2026-09-08","true","https://medsparadar.com/states/mississippi/q/can-an-rn-inject-botox-or-filler"
"MS","Mississippi","can-the-exam-be-done-by-telehealth","Telehealth exams","Miss. Admin. Code Title 30, Part 2635, Rule 5.4","https://www.msbml.ms.gov/mississippi-administrative-code","","","2026-09-08","true","https://medsparadar.com/states/mississippi/q/can-the-exam-be-done-by-telehealth"
"MS","Mississippi","can-the-state-shut-down-an-unlicensed-med-spa","Shutdown powers","Miss. Code Ann. § 73-25-87(a)-(d)","https://www.msbml.ms.gov/mississippi-medical-practice-act","","","2026-09-08","true","https://medsparadar.com/states/mississippi/q/can-the-state-shut-down-an-unlicensed-med-spa"
"MS","Mississippi","does-a-med-spa-need-to-register","Registration & licensing","Miss. Admin. Code Title 30, Part 2635, Rule 2.2(D) (Title 73, ch. 25 and Part 2635 surveyed)","https://www.msbml.ms.gov/mississippi-administrative-code","","","2026-09-08","true","https://medsparadar.com/states/mississippi/q/does-a-med-spa-need-to-register"
"MS","Mississippi","is-a-medical-director-required","Medical director required?","Miss. Code Ann. § 73-25-33(1)","https://www.msbml.ms.gov/mississippi-medical-practice-act","","","2026-09-08","true","https://medsparadar.com/states/mississippi/q/is-a-medical-director-required"
"MS","Mississippi","is-an-exam-required-before-treatment","Exam before treatment","Miss. Admin. Code Title 30, Part 2635, Rule 5.4","https://www.msbml.ms.gov/mississippi-administrative-code","","","2026-09-08","true","https://medsparadar.com/states/mississippi/q/is-an-exam-required-before-treatment"
"MS","Mississippi","may-an-esthetician-perform-microneedling","Esthetician microneedling","Miss. Code Ann. § 73-7-2 (“Esthetics”)","https://www.msbcb.ms.gov/wp-content/uploads/2026/04/MSBCB-Updated-Statutes-4.1.2026.pdf","","","2026-09-08","true","https://medsparadar.com/states/mississippi/q/may-an-esthetician-perform-microneedling"
"MS","Mississippi","must-someone-be-on-site-during-treatment","On-site presence","Miss. Admin. Code Title 30, Part 2635, Rule 5.5","https://www.msbml.ms.gov/mississippi-administrative-code","","","2026-09-08","true","https://medsparadar.com/states/mississippi/q/must-someone-be-on-site-during-treatment"
"MS","Mississippi","what-business-structure-is-required","Structure limits","Miss. Code Ann. § 79-10-5(h)","https://www.sos.ms.gov/content/documents/pol_res/3statute.pdf","","","2026-09-08","true","https://medsparadar.com/states/mississippi/q/what-business-structure-is-required"
"MS","Mississippi","what-can-a-med-spa-advertise","Advertising limits","Miss. Code Ann. § 73-25-29(8)(c)","https://www.msbml.ms.gov/mississippi-medical-practice-act","","","2026-09-08","true","https://medsparadar.com/states/mississippi/q/what-can-a-med-spa-advertise"
"MS","Mississippi","what-can-a-practitioner-be-disciplined-for","Grounds for discipline","Miss. Code Ann. § 73-25-29(3), (8)(d)","https://www.msbml.ms.gov/mississippi-medical-practice-act","","","2026-09-08","true","https://medsparadar.com/states/mississippi/q/what-can-a-practitioner-be-disciplined-for"
"MS","Mississippi","what-does-it-cost-to-open","License fees","Miss. Admin. Code Title 30, Part 2101, Rule 5.20","https://www.msbcb.ms.gov/wp-content/uploads/2025/03/MSBCB-Rules-and-Regulations.pdf","","","2026-09-08","true","https://medsparadar.com/states/mississippi/q/what-does-it-cost-to-open"
"MS","Mississippi","what-happens-if-you-practice-without-a-license","Unlicensed practice","Miss. Code Ann. § 97-23-43 (Profession; practicing without license — as reprinted by the State Board of Medical Licensure)","https://www.msbml.ms.gov/mississippi-medical-practice-act","","","2026-09-08","true","https://medsparadar.com/states/mississippi/q/what-happens-if-you-practice-without-a-license"
"MS","Mississippi","what-must-be-reported-to-the-board","Reporting duties","Miss. Admin. Code (Bd. of Barbering & Cosmetology) Rule 5.21 (Change of Information Notification)","https://www.msbcb.ms.gov/wp-content/uploads/2025/03/MSBCB-Rules-and-Regulations.pdf","","","2026-09-08","true","https://medsparadar.com/states/mississippi/q/what-must-be-reported-to-the-board"
"MS","Mississippi","what-must-the-supervising-physician-do","Supervising physician duties","Miss. Admin. Code Title 30, Part 2615, Rule 1.6 (Supervision)","https://www.msbml.ms.gov/mississippi-administrative-code","","","2026-09-08","true","https://medsparadar.com/states/mississippi/q/what-must-the-supervising-physician-do"
"MS","Mississippi","who-may-operate-a-cosmetic-laser","Laser & energy devices","Miss. Admin. Code Title 30, Part 2635, Rule 3.1 (Laser Devices)","https://www.msbml.ms.gov/mississippi-administrative-code","","","2026-09-08","true","https://medsparadar.com/states/mississippi/q/who-may-operate-a-cosmetic-laser"
"MO","Missouri","can-a-med-spa-offer-compounded-glp-1","Compounded GLP-1","20 CSR 2220-2.400(C) (stock ahead of the prescription needs a HISTORY of that prescription)","https://www.sos.mo.gov/cmsimages/adrules/csr/current/20csr/20c2220-2.pdf","","","2026-09-07","true","https://medsparadar.com/states/missouri/q/can-a-med-spa-offer-compounded-glp-1"
"MO","Missouri","can-a-non-physician-own-a-med-spa","Non-physician ownership","Mo. Rev. Stat. §356.111.1(1)","https://revisor.mo.gov/main/OneSection.aspx?section=356.111","","","2026-09-03","true","https://medsparadar.com/states/missouri/q/can-a-non-physician-own-a-med-spa"
"MO","Missouri","can-a-nurse-practitioner-work-without-a-physician","NP independence","Mo. Rev. Stat. §335.016(2)","https://revisor.mo.gov/main/OneSection.aspx?section=335.016","","","2026-09-03","true","https://medsparadar.com/states/missouri/q/can-a-nurse-practitioner-work-without-a-physician"
"MO","Missouri","can-a-physician-assistant-inject-or-prescribe","Physician assistants","Mo. Rev. Stat. §334.735.2","https://revisor.mo.gov/main/OneSection.aspx?section=334.735","","","2026-09-03","true","https://medsparadar.com/states/missouri/q/can-a-physician-assistant-inject-or-prescribe"
"MO","Missouri","can-an-rn-inject-botox-or-filler","RN injecting","Mo. Rev. Stat. §335.016(2)","https://revisor.mo.gov/main/OneSection.aspx?section=335.016","","","2026-09-03","true","https://medsparadar.com/states/missouri/q/can-an-rn-inject-botox-or-filler"
"MO","Missouri","can-the-exam-be-done-by-telehealth","Telehealth exams","Mo. Rev. Stat. §191.1146.1","https://revisor.mo.gov/main/OneSection.aspx?section=191.1146","","","2026-09-03","true","https://medsparadar.com/states/missouri/q/can-the-exam-be-done-by-telehealth"
"MO","Missouri","can-the-state-shut-down-an-unlicensed-med-spa","Shutdown powers","Mo. Rev. Stat. §334.100.4","https://revisor.mo.gov/main/OneSection.aspx?section=334.100","","","2026-09-08","true","https://medsparadar.com/states/missouri/q/can-the-state-shut-down-an-unlicensed-med-spa"
"MO","Missouri","does-a-med-spa-need-to-register","Registration & licensing","20 CSR 2220-2.400(C) (stock ahead of the prescription needs a HISTORY of that prescription)","https://www.sos.mo.gov/cmsimages/adrules/csr/current/20csr/20c2220-2.pdf","","","2026-09-07","true","https://medsparadar.com/states/missouri/q/does-a-med-spa-need-to-register"
"MO","Missouri","is-a-medical-director-required","Medical director required?","Mo. Rev. Stat. §329.010(5)(d)","https://revisor.mo.gov/main/OneSection.aspx?section=329.010","","","2026-09-03","true","https://medsparadar.com/states/missouri/q/is-a-medical-director-required"
"MO","Missouri","is-an-exam-required-before-treatment","Exam before treatment","Mo. Rev. Stat. §191.1146.1","https://revisor.mo.gov/main/OneSection.aspx?section=191.1146","","","2026-09-03","true","https://medsparadar.com/states/missouri/q/is-an-exam-required-before-treatment"
"MO","Missouri","may-an-esthetician-perform-microneedling","Esthetician microneedling","Mo. Rev. Stat. §329.010(5)(d)","https://revisor.mo.gov/main/OneSection.aspx?section=329.010","","","2026-09-03","true","https://medsparadar.com/states/missouri/q/may-an-esthetician-perform-microneedling"
"MO","Missouri","must-someone-be-on-site-during-treatment","On-site presence","Mo. Rev. Stat. §334.104.9","https://revisor.mo.gov/main/OneSection.aspx?section=334.104","","","2026-09-08","true","https://medsparadar.com/states/missouri/q/must-someone-be-on-site-during-treatment"
"MO","Missouri","what-business-structure-is-required","Structure limits","Mo. Rev. Stat. §356.111.1(1)","https://revisor.mo.gov/main/OneSection.aspx?section=356.111","","","2026-09-03","true","https://medsparadar.com/states/missouri/q/what-business-structure-is-required"
"MO","Missouri","what-can-a-med-spa-advertise","Advertising limits","Mo. Rev. Stat. §334.100.2(4)(e)","https://revisor.mo.gov/main/OneSection.aspx?section=334.100","","","2026-09-03","true","https://medsparadar.com/states/missouri/q/what-can-a-med-spa-advertise"
"MO","Missouri","what-can-a-practitioner-be-disciplined-for","Grounds for discipline","Mo. Rev. Stat. §334.100.2(4)(c)","https://revisor.mo.gov/main/OneSection.aspx?section=334.100","","","2026-09-03","true","https://medsparadar.com/states/missouri/q/what-can-a-practitioner-be-disciplined-for"
"MO","Missouri","what-does-it-cost-to-open","License fees","20 CSR 2085-3.010(2)(C) (what it costs to open — the cosmetology establishment license, in dollars)","https://www.sos.mo.gov/cmsimages/adrules/csr/current/20csr/20c2085-3.pdf","","","2026-09-06","true","https://medsparadar.com/states/missouri/q/what-does-it-cost-to-open"
"MO","Missouri","what-happens-if-you-practice-without-a-license","Unlicensed practice","Mo. Rev. Stat. §334.250.1","https://revisor.mo.gov/main/OneSection.aspx?section=334.250","","","2026-09-08","true","https://medsparadar.com/states/missouri/q/what-happens-if-you-practice-without-a-license"
"MO","Missouri","what-must-the-supervising-physician-do","Supervising physician duties","Mo. Rev. Stat. §334.104.1","https://revisor.mo.gov/main/OneSection.aspx?section=334.104","","","2026-09-03","true","https://medsparadar.com/states/missouri/q/what-must-the-supervising-physician-do"
"MO","Missouri","who-enforces-deceptive-med-spa-marketing","Marketing enforcement","Mo. Rev. Stat. §407.100.1","https://revisor.mo.gov/main/OneSection.aspx?section=407.100","","","2026-09-03","true","https://medsparadar.com/states/missouri/q/who-enforces-deceptive-med-spa-marketing"
"MT","Montana","can-a-med-spa-offer-compounded-glp-1","Compounded GLP-1","Mont. Code Ann. § 37-7-101(9)","https://archive.legmt.gov/bills/mca/title_0370/chapter_0070/part_0010/section_0010/0370-0070-0010-0010.html","","","2026-09-08","true","https://medsparadar.com/states/montana/q/can-a-med-spa-offer-compounded-glp-1"
"MT","Montana","can-a-medical-assistant-inject","Medical assistants","Mont. Code Ann. § 37-3-104(1)","https://archive.legmt.gov/bills/mca/title_0370/chapter_0030/part_0010/section_0040/0370-0030-0010-0040.html","","","2026-09-08","true","https://medsparadar.com/states/montana/q/can-a-medical-assistant-inject"
"MT","Montana","can-a-non-physician-own-a-med-spa","Non-physician ownership","Mont. Code Ann. § 35-4-109(5)-(6)","https://archive.legmt.gov/bills/mca/title_0350/chapter_0040/part_0010/section_0090/0350-0040-0010-0090.html","","","2026-09-08","true","https://medsparadar.com/states/montana/q/can-a-non-physician-own-a-med-spa"
"MT","Montana","can-a-nurse-practitioner-work-without-a-physician","NP independence","Mont. Admin. R. 24.159.1406(1)","https://rules.mt.gov/api/policy-library-public/collections/aec52c46-128e-4279-9068-8af5d5432d74/policies/4b4d673e-3911-430f-a7c7-40ca8b8f9770/document/754aef92-9920-425c-9d9e-f795ed5fb2f0","","","2026-09-08","true","https://medsparadar.com/states/montana/q/can-a-nurse-practitioner-work-without-a-physician"
"MT","Montana","can-a-physician-assistant-inject-or-prescribe","Physician assistants","Mont. Code Ann. § 37-20-301","https://archive.legmt.gov/bills/mca/title_0370/chapter_0200/part_0030/section_0010/0370-0200-0030-0010.html","","","2026-09-08","true","https://medsparadar.com/states/montana/q/can-a-physician-assistant-inject-or-prescribe"
"MT","Montana","can-an-rn-inject-botox-or-filler","RN injecting","Mont. Admin. R. 24.159.1406(1)","https://rules.mt.gov/api/policy-library-public/collections/aec52c46-128e-4279-9068-8af5d5432d74/policies/4b4d673e-3911-430f-a7c7-40ca8b8f9770/document/754aef92-9920-425c-9d9e-f795ed5fb2f0","","","2026-09-08","true","https://medsparadar.com/states/montana/q/can-an-rn-inject-botox-or-filler"
"MT","Montana","can-the-exam-be-done-by-telehealth","Telehealth exams","Mont. Code Ann. § 37-3-102(14)(a)-(b)","https://archive.legmt.gov/bills/mca/title_0370/chapter_0030/part_0010/section_0020/0370-0030-0010-0020.html","","","2026-09-08","true","https://medsparadar.com/states/montana/q/can-the-exam-be-done-by-telehealth"
"MT","Montana","can-the-state-shut-down-an-unlicensed-med-spa","Shutdown powers","Mont. Code Ann. § 37-1-312(1)(a)-(g)","https://archive.legmt.gov/bills/mca/title_0370/chapter_0010/part_0030/section_0120/0370-0010-0030-0120.html","","","2026-09-08","true","https://medsparadar.com/states/montana/q/can-the-state-shut-down-an-unlicensed-med-spa"
"MT","Montana","does-a-med-spa-need-to-register","Registration & licensing","Mont. Code Ann. § 37-3-301(2) (Title 37, ch. 3 and ARM Title 24, ch. 156 surveyed)","https://archive.legmt.gov/bills/mca/title_0370/chapter_0030/part_0030/section_0010/0370-0030-0030-0010.html","","","2026-09-08","true","https://medsparadar.com/states/montana/q/does-a-med-spa-need-to-register"
"MT","Montana","is-a-medical-director-required","Medical director required?","Mont. Admin. R. 24.156.403(1)(h) (Title 37, ch. 3 and ARM Title 24, ch. 156 surveyed)","https://rules.mt.gov/api/policy-library-public/collections/aec52c46-128e-4279-9068-8af5d5432d74/policies/3025dea2-693d-45d4-92cc-5677b39ed25c/document/e30610f1-0894-47f6-98f5-1d8c75b43a29","","","2026-09-08","true","https://medsparadar.com/states/montana/q/is-a-medical-director-required"
"MT","Montana","is-an-exam-required-before-treatment","Exam before treatment","Mont. Code Ann. § 37-3-102(14)(a)-(b)","https://archive.legmt.gov/bills/mca/title_0370/chapter_0030/part_0010/section_0020/0370-0030-0010-0020.html","","","2026-09-08","true","https://medsparadar.com/states/montana/q/is-an-exam-required-before-treatment"
"MT","Montana","may-an-esthetician-perform-microneedling","Esthetician microneedling","Mont. Bd. of Barbers & Cosmetologists, Med Spa FAQ (Jan. 2024), Question 6 / Response 6","https://boards.bsd.dli.mt.gov/_docs/med/Med-Spa-FAQ-24.pdf","","","2026-09-20","true","https://medsparadar.com/states/montana/q/may-an-esthetician-perform-microneedling"
"MT","Montana","must-someone-be-on-site-during-treatment","On-site presence","Mont. Code Ann. § 37-3-104(1)(b)","https://archive.legmt.gov/bills/mca/title_0370/chapter_0030/part_0010/section_0040/0370-0030-0010-0040.html","","","2026-09-08","true","https://medsparadar.com/states/montana/q/must-someone-be-on-site-during-treatment"
"MT","Montana","what-business-structure-is-required","Structure limits","Mont. Code Ann. § 35-4-109(5)-(6)","https://archive.legmt.gov/bills/mca/title_0350/chapter_0040/part_0010/section_0090/0350-0040-0010-0090.html","","","2026-09-08","true","https://medsparadar.com/states/montana/q/what-business-structure-is-required"
"MT","Montana","what-can-a-med-spa-advertise","Advertising limits","Mont. Code Ann. § 37-1-316(1)(g)","https://archive.legmt.gov/bills/mca/title_0370/chapter_0010/part_0030/section_0160/0370-0010-0030-0160.html","","","2026-09-08","true","https://medsparadar.com/states/montana/q/what-can-a-med-spa-advertise"
"MT","Montana","what-can-a-practitioner-be-disciplined-for","Grounds for discipline","Mont. Code Ann. § 37-3-323(1)","https://archive.legmt.gov/bills/mca/title_0370/chapter_0030/part_0030/section_0230/0370-0030-0030-0230.html","","","2026-09-08","true","https://medsparadar.com/states/montana/q/what-can-a-practitioner-be-disciplined-for"
"MT","Montana","what-does-it-cost-to-open","License fees","Mont. Admin. R. 24.121.401(1)-(8)","https://rules.mt.gov/api/policy-library-public/collections/aec52c46-128e-4279-9068-8af5d5432d74/policies/d08ac084-83e9-44af-8fa5-ca1389ad7355/document/2c6bb73c-b49a-4ecb-a933-b8024396bdd0","","","2026-09-08","true","https://medsparadar.com/states/montana/q/what-does-it-cost-to-open"
"MT","Montana","what-happens-if-you-practice-without-a-license","Unlicensed practice","Mont. Code Ann. § 37-31-301(1)","https://archive.legmt.gov/bills/mca/title_0370/chapter_0310/part_0030/section_0010/0370-0310-0030-0010.html","","","2026-09-08","true","https://medsparadar.com/states/montana/q/what-happens-if-you-practice-without-a-license"
"MT","Montana","what-must-the-supervising-physician-do","Supervising physician duties","Mont. Admin. R. 24.156.401(3)","https://rules.mt.gov/api/policy-library-public/collections/aec52c46-128e-4279-9068-8af5d5432d74/policies/42440e7f-14b1-49cd-a809-cce40d0e1879/document/361d3314-1e4f-409f-a252-241345cb3055","","","2026-09-08","true","https://medsparadar.com/states/montana/q/what-must-the-supervising-physician-do"
"MT","Montana","who-enforces-deceptive-med-spa-marketing","Marketing enforcement","Mont. Code Ann. § 30-14-102(2)","https://archive.legmt.gov/bills/mca/title_0300/chapter_0140/part_0010/section_0020/0300-0140-0010-0020.html","","","2026-09-08","true","https://medsparadar.com/states/montana/q/who-enforces-deceptive-med-spa-marketing"
"MT","Montana","who-may-operate-a-cosmetic-laser","Laser & energy devices","Mont. Admin. R. 24.156.403(1)(n)-(o)","https://rules.mt.gov/api/policy-library-public/collections/aec52c46-128e-4279-9068-8af5d5432d74/policies/3025dea2-693d-45d4-92cc-5677b39ed25c/document/e30610f1-0894-47f6-98f5-1d8c75b43a29","","","2026-09-08","true","https://medsparadar.com/states/montana/q/who-may-operate-a-cosmetic-laser"
"NE","Nebraska","can-a-med-spa-offer-compounded-glp-1","Compounded GLP-1","Neb. Rev. Stat. §38-2867.01(5) (Authority to compound — prohibited acts)","https://nebraskalegislature.gov/laws/statutes.php?statute=38-2867.01","","","2026-09-07","true","https://medsparadar.com/states/nebraska/q/can-a-med-spa-offer-compounded-glp-1"
"NE","Nebraska","can-a-medical-assistant-inject","Medical assistants","Neb. Rev. Stat. §38-2210","https://nebraskalegislature.gov/laws/statutes.php?statute=38-2210","","","2026-09-08","true","https://medsparadar.com/states/nebraska/q/can-a-medical-assistant-inject"
"NE","Nebraska","can-a-non-clinical-owner-take-a-percentage","Fees to a non-clinical owner","Neb. Rev. Stat. §38-179(2)","https://nebraskalegislature.gov/laws/statutes.php?statute=38-179","","","2026-09-03","true","https://medsparadar.com/states/nebraska/q/can-a-non-clinical-owner-take-a-percentage"
"NE","Nebraska","can-a-non-physician-own-a-med-spa","Non-physician ownership","Neb. Rev. Stat. §21-2213","https://nebraskalegislature.gov/laws/statutes.php?statute=21-2213","","","2026-09-03","true","https://medsparadar.com/states/nebraska/q/can-a-non-physician-own-a-med-spa"
"NE","Nebraska","can-a-nurse-practitioner-work-without-a-physician","NP independence","Neb. Rev. Stat. §38-2317(1)","https://nebraskalegislature.gov/laws/statutes.php?statute=38-2317","","","2026-09-03","true","https://medsparadar.com/states/nebraska/q/can-a-nurse-practitioner-work-without-a-physician"
"NE","Nebraska","can-a-physician-assistant-inject-or-prescribe","Physician assistants","Neb. Rev. Stat. § 38-2055(1)-(3) (Physician assistants; prescribe drugs and devices)","https://nebraskalegislature.gov/laws/statutes.php?statute=38-2055","","","2026-09-08","true","https://medsparadar.com/states/nebraska/q/can-a-physician-assistant-inject-or-prescribe"
"NE","Nebraska","can-an-rn-inject-botox-or-filler","RN injecting","Neb. Rev. Stat. §38-2212(1), (2)","https://nebraskalegislature.gov/laws/statutes.php?statute=38-2212","","","2026-09-03","true","https://medsparadar.com/states/nebraska/q/can-an-rn-inject-botox-or-filler"
"NE","Nebraska","can-the-exam-be-done-by-telehealth","Telehealth exams","Neb. Rev. Stat. § 71-8503(2)-(3) (Nebraska Telehealth Act — terms defined)","https://nebraskalegislature.gov/laws/statutes.php?statute=71-8503","","","2026-09-08","true","https://medsparadar.com/states/nebraska/q/can-the-exam-be-done-by-telehealth"
"NE","Nebraska","can-the-state-shut-down-an-unlicensed-med-spa","Shutdown powers","Neb. Rev. Stat. §38-196(1) (Sanctions authorized)","https://nebraskalegislature.gov/laws/statutes.php?statute=38-196","","","2026-09-03","true","https://medsparadar.com/states/nebraska/q/can-the-state-shut-down-an-unlicensed-med-spa"
"NE","Nebraska","does-a-med-spa-need-to-register","Registration & licensing","Neb. Admin. Code tit. 172, ch. 2, § 002 (the fee schedule a new esthetics salon actually pays)","https://rules.nebraska.gov/api/fileStorage/GetAsByteArray/chapter-pdfs/172%20NAC%202%20%2809-15-2020%29.pdf","","","2026-09-07","true","https://medsparadar.com/states/nebraska/q/does-a-med-spa-need-to-register"
"NE","Nebraska","is-a-medical-director-required","Medical director required?","Neb. Rev. Stat. §38-2205 (“Delegating” defined)","https://nebraskalegislature.gov/laws/statutes.php?statute=38-2205","","","2026-09-03","true","https://medsparadar.com/states/nebraska/q/is-a-medical-director-required"
"NE","Nebraska","is-an-exam-required-before-treatment","Exam before treatment","Neb. Rev. Stat. §38-179(11)","https://nebraskalegislature.gov/laws/statutes.php?statute=38-179","","","2026-09-03","true","https://medsparadar.com/states/nebraska/q/is-an-exam-required-before-treatment"
"NE","Nebraska","may-an-esthetician-perform-microneedling","Esthetician microneedling","Neb. Admin. Code tit. 172, ch. 36, § 002.02 (esthetics is practiced UPON THE EPIDERMIS)","https://rules.nebraska.gov/api/fileStorage/GetAsByteArray/chapter-pdfs/172%20NAC%2036%20%2806-20-2020%29.pdf","","","2026-09-07","true","https://medsparadar.com/states/nebraska/q/may-an-esthetician-perform-microneedling"
"NE","Nebraska","what-business-structure-is-required","Structure limits","Neb. Rev. Stat. §21-2202(1)","https://nebraskalegislature.gov/laws/statutes.php?statute=21-2202","","","2026-09-03","true","https://medsparadar.com/states/nebraska/q/what-business-structure-is-required"
"NE","Nebraska","what-can-a-med-spa-advertise","Advertising limits","Neb. Rev. Stat. §87-303.05(1)","https://nebraskalegislature.gov/laws/statutes.php?statute=87-303.05","","","2026-09-03","true","https://medsparadar.com/states/nebraska/q/what-can-a-med-spa-advertise"
"NE","Nebraska","what-can-a-practitioner-be-disciplined-for","Grounds for discipline","Neb. Rev. Stat. §38-178 (Disciplinary actions; grounds)","https://nebraskalegislature.gov/laws/statutes.php?statute=38-178","","","2026-09-03","true","https://medsparadar.com/states/nebraska/q/what-can-a-practitioner-be-disciplined-for"
"NE","Nebraska","what-does-it-cost-to-open","License fees","Neb. Admin. Code tit. 172, ch. 2, § 002 (the fee schedule a new esthetics salon actually pays)","https://rules.nebraska.gov/api/fileStorage/GetAsByteArray/chapter-pdfs/172%20NAC%202%20%2809-15-2020%29.pdf","","","2026-09-07","true","https://medsparadar.com/states/nebraska/q/what-does-it-cost-to-open"
"NE","Nebraska","what-happens-if-you-practice-without-a-license","Unlicensed practice","Neb. Rev. Stat. §38-1,124(2)","https://nebraskalegislature.gov/laws/statutes.php?statute=38-1,124","","","2026-09-03","true","https://medsparadar.com/states/nebraska/q/what-happens-if-you-practice-without-a-license"
"NE","Nebraska","who-enforces-deceptive-med-spa-marketing","Marketing enforcement","Neb. Rev. Stat. §87-303.05(1)","https://nebraskalegislature.gov/laws/statutes.php?statute=87-303.05","","","2026-09-03","true","https://medsparadar.com/states/nebraska/q/who-enforces-deceptive-med-spa-marketing"
"NE","Nebraska","who-may-operate-a-cosmetic-laser","Laser & energy devices","Neb. Admin. Code tit. 172, ch. 36, §§ 002.01(G), 002.02 (neither license reaches injectables or lasers)","https://rules.nebraska.gov/api/fileStorage/GetAsByteArray/chapter-pdfs/172%20NAC%2036%20%2806-20-2020%29.pdf","","","2026-09-07","true","https://medsparadar.com/states/nebraska/q/who-may-operate-a-cosmetic-laser"
"NV","Nevada","can-a-med-spa-offer-compounded-glp-1","Compounded GLP-1","Nev. Admin. Code §639.6916 (Outsourcing facilities — when licensure as pharmacy required)","https://www.leg.state.nv.us/NAC/NAC-639.html","","","2026-09-07","true","https://medsparadar.com/states/nevada/q/can-a-med-spa-offer-compounded-glp-1"
"NV","Nevada","can-a-medical-assistant-inject","Medical assistants","Nev. Rev. Stat. §629.086(1)(a), (2) (the enumerated list surveyed)","https://www.leg.state.nv.us/NRS/NRS-629.html","","","2026-09-03","true","https://medsparadar.com/states/nevada/q/can-a-medical-assistant-inject"
"NV","Nevada","can-a-non-clinical-owner-take-a-percentage","Fees to a non-clinical owner","Nev. Rev. Stat. §630.305(1)(a)","https://www.leg.state.nv.us/NRS/NRS-630.html","","","2026-09-07","true","https://medsparadar.com/states/nevada/q/can-a-non-clinical-owner-take-a-percentage"
"NV","Nevada","can-a-non-physician-own-a-med-spa","Non-physician ownership","Nev. Rev. Stat. §89.070(1)(a)","https://www.leg.state.nv.us/NRS/NRS-089.html","","","2026-09-03","true","https://medsparadar.com/states/nevada/q/can-a-non-physician-own-a-med-spa"
"NV","Nevada","can-a-nurse-practitioner-work-without-a-physician","NP independence","Nev. Rev. Stat. §632.237(2)","https://www.leg.state.nv.us/NRS/NRS-632.html","","","2026-09-03","true","https://medsparadar.com/states/nevada/q/can-a-nurse-practitioner-work-without-a-physician"
"NV","Nevada","can-a-physician-assistant-inject-or-prescribe","Physician assistants","Nev. Rev. Stat. §629.086(1)(a)(1), (1)(a)(4), (1)(b)-(c)","https://www.leg.state.nv.us/NRS/NRS-629.html","","","2026-09-03","true","https://medsparadar.com/states/nevada/q/can-a-physician-assistant-inject-or-prescribe"
"NV","Nevada","can-an-rn-inject-botox-or-filler","RN injecting","Nev. Rev. Stat. §632.237(2)","https://www.leg.state.nv.us/NRS/NRS-632.html","","","2026-09-03","true","https://medsparadar.com/states/nevada/q/can-an-rn-inject-botox-or-filler"
"NV","Nevada","can-the-exam-be-done-by-telehealth","Telehealth exams","Nev. Rev. Stat. §629.515(4)","https://www.leg.state.nv.us/NRS/NRS-629.html","","","2026-09-03","true","https://medsparadar.com/states/nevada/q/can-the-exam-be-done-by-telehealth"
"NV","Nevada","can-the-state-shut-down-an-unlicensed-med-spa","Shutdown powers","Nev. Rev. Stat. §630.400(3)","https://www.leg.state.nv.us/NRS/NRS-630.html","","","2026-09-03","true","https://medsparadar.com/states/nevada/q/can-the-state-shut-down-an-unlicensed-med-spa"
"NV","Nevada","does-a-med-spa-need-to-register","Registration & licensing","Nev. Rev. Stat. §449.030","https://www.leg.state.nv.us/NRS/NRS-449.html","","","2026-09-03","true","https://medsparadar.com/states/nevada/q/does-a-med-spa-need-to-register"
"NV","Nevada","is-a-medical-director-required","Medical director required?","Nev. Rev. Stat. ch. 630 (Physicians and Physician Assistants — full chapter surveyed)","https://www.leg.state.nv.us/NRS/NRS-630.html","","","2026-09-03","true","https://medsparadar.com/states/nevada/q/is-a-medical-director-required"
"NV","Nevada","is-an-exam-required-before-treatment","Exam before treatment","Nev. Rev. Stat. §629.515(4)","https://www.leg.state.nv.us/NRS/NRS-629.html","","","2026-09-03","true","https://medsparadar.com/states/nevada/q/is-an-exam-required-before-treatment"
"NV","Nevada","may-an-esthetician-perform-microneedling","Esthetician microneedling","Nev. Admin. Code §644A.790(1)(c), (3) (Prohibited invasive procedures; exceptions)","https://www.leg.state.nv.us/NAC/NAC-644A.html","","","2026-09-07","true","https://medsparadar.com/states/nevada/q/may-an-esthetician-perform-microneedling"
"NV","Nevada","must-someone-be-on-site-during-treatment","On-site presence","Nev. Admin. Code §644A.846(3)","https://www.leg.state.nv.us/NAC/NAC-644A.html","","","2026-09-08","true","https://medsparadar.com/states/nevada/q/must-someone-be-on-site-during-treatment"
"NV","Nevada","what-business-structure-is-required","Structure limits","Nev. Rev. Stat. §89.050(1); §89.020(8)","https://www.leg.state.nv.us/NRS/NRS-089.html","","","2026-09-08","true","https://medsparadar.com/states/nevada/q/what-business-structure-is-required"
"NV","Nevada","what-can-a-med-spa-advertise","Advertising limits","Nev. Rev. Stat. §630.304(2)","https://www.leg.state.nv.us/NRS/NRS-630.html","","","2026-09-03","true","https://medsparadar.com/states/nevada/q/what-can-a-med-spa-advertise"
"NV","Nevada","what-can-a-practitioner-be-disciplined-for","Grounds for discipline","Nev. Rev. Stat. §630.306(1)(p)","https://www.leg.state.nv.us/NRS/NRS-630.html","","","2026-09-03","true","https://medsparadar.com/states/nevada/q/what-can-a-practitioner-be-disciplined-for"
"NV","Nevada","what-does-it-cost-to-open","License fees","Nev. Rev. Stat. §644A.600(3)-(4)","https://www.leg.state.nv.us/NRS/NRS-644A.html","","","2026-09-07","true","https://medsparadar.com/states/nevada/q/what-does-it-cost-to-open"
"NV","Nevada","what-happens-if-you-practice-without-a-license","Unlicensed practice","Nev. Rev. Stat. §630.400(2)","https://www.leg.state.nv.us/NRS/NRS-630.html","","","2026-09-03","true","https://medsparadar.com/states/nevada/q/what-happens-if-you-practice-without-a-license"
"NV","Nevada","who-enforces-deceptive-med-spa-marketing","Marketing enforcement","Nev. Rev. Stat. §630.388(1)","https://www.leg.state.nv.us/NRS/NRS-630.html","","","2026-09-08","true","https://medsparadar.com/states/nevada/q/who-enforces-deceptive-med-spa-marketing"
"NV","Nevada","who-may-operate-a-cosmetic-laser","Laser & energy devices","Nev. Admin. Code §644A.790(1)(b), (d), (f), (5) (Prohibited invasive procedures; exceptions)","https://www.leg.state.nv.us/NAC/NAC-644A.html","","","2026-09-07","true","https://medsparadar.com/states/nevada/q/who-may-operate-a-cosmetic-laser"
"NH","New Hampshire","can-a-med-spa-offer-compounded-glp-1","Compounded GLP-1","N.H. Code Admin. R. Ph 404.04(e)-(f) (Regulatory Requirements for Sterile Compounding)","https://gc.nh.gov/rules/state_agencies/ph100-2500.html","","","2026-09-07","true","https://medsparadar.com/states/new-hampshire/q/can-a-med-spa-offer-compounded-glp-1"
"NH","New Hampshire","can-a-medical-assistant-inject","Medical assistants","N.H. Rev. Stat. §329:17, VI(e)","https://www.gencourt.state.nh.us/rsa/html/XXX/329/329-mrg.htm","","","2026-09-03","true","https://medsparadar.com/states/new-hampshire/q/can-a-medical-assistant-inject"
"NH","New Hampshire","can-a-non-physician-own-a-med-spa","Non-physician ownership","N.H. Rev. Stat. §294-A:2, I (Permissible Purposes of Professional Corporations)","https://www.gencourt.state.nh.us/rsa/html/XXVII/294-A/294-A-mrg.htm","","","2026-09-03","true","https://medsparadar.com/states/new-hampshire/q/can-a-non-physician-own-a-med-spa"
"NH","New Hampshire","can-a-nurse-practitioner-work-without-a-physician","NP independence","N.H. Rev. Stat. §326-B:2, I","https://www.gencourt.state.nh.us/rsa/html/XXX/326-B/326-B-mrg.htm","","","2026-09-03","true","https://medsparadar.com/states/new-hampshire/q/can-a-nurse-practitioner-work-without-a-physician"
"NH","New Hampshire","can-a-physician-assistant-inject-or-prescribe","Physician assistants","N.H. Rev. Stat. §328-D:3-b, I(a)–(b)","https://www.gencourt.state.nh.us/rsa/html/XXX/328-D/328-D-mrg.htm","","","2026-09-08","true","https://medsparadar.com/states/new-hampshire/q/can-a-physician-assistant-inject-or-prescribe"
"NH","New Hampshire","can-an-rn-inject-botox-or-filler","RN injecting","N.H. Rev. Stat. §326-B:2, I","https://www.gencourt.state.nh.us/rsa/html/XXX/326-B/326-B-mrg.htm","","","2026-09-03","true","https://medsparadar.com/states/new-hampshire/q/can-an-rn-inject-botox-or-filler"
"NH","New Hampshire","can-the-exam-be-done-by-telehealth","Telehealth exams","N.H. Rev. Stat. §329:1-c (Physician-Patient Relationship)","https://www.gencourt.state.nh.us/rsa/html/XXX/329/329-mrg.htm","","","2026-09-03","true","https://medsparadar.com/states/new-hampshire/q/can-the-exam-be-done-by-telehealth"
"NH","New Hampshire","can-the-state-shut-down-an-unlicensed-med-spa","Shutdown powers","N.H. Rev. Stat. §329:24, IV–V","https://www.gencourt.state.nh.us/rsa/html/XXX/329/329-mrg.htm","","","2026-09-08","true","https://medsparadar.com/states/new-hampshire/q/can-the-state-shut-down-an-unlicensed-med-spa"
"NH","New Hampshire","does-a-med-spa-need-to-register","Registration & licensing","N.H. Rev. Stat. §313-A:1, VII","https://www.gencourt.state.nh.us/rsa/html/XXX/313-A/313-A-mrg.htm","","","2026-09-03","true","https://medsparadar.com/states/new-hampshire/q/does-a-med-spa-need-to-register"
"NH","New Hampshire","is-a-medical-director-required","Medical director required?","N.H. Rev. Stat. §329:17, VI(e)","https://www.gencourt.state.nh.us/rsa/html/XXX/329/329-mrg.htm","","","2026-09-03","true","https://medsparadar.com/states/new-hampshire/q/is-a-medical-director-required"
"NH","New Hampshire","is-an-exam-required-before-treatment","Exam before treatment","N.H. Rev. Stat. §329:1-c (Physician-Patient Relationship)","https://www.gencourt.state.nh.us/rsa/html/XXX/329/329-mrg.htm","","","2026-09-03","true","https://medsparadar.com/states/new-hampshire/q/is-an-exam-required-before-treatment"
"NH","New Hampshire","may-an-esthetician-perform-microneedling","Esthetician microneedling","N.H. Rev. Stat. §313-A:1, VIII (“Esthetics” defined)","https://www.gencourt.state.nh.us/rsa/html/XXX/313-A/313-A-mrg.htm","","","2026-09-03","true","https://medsparadar.com/states/new-hampshire/q/may-an-esthetician-perform-microneedling"
"NH","New Hampshire","what-business-structure-is-required","Structure limits","N.H. Rev. Stat. §294-A:2, I (Permissible Purposes of Professional Corporations)","https://www.gencourt.state.nh.us/rsa/html/XXVII/294-A/294-A-mrg.htm","","","2026-09-03","true","https://medsparadar.com/states/new-hampshire/q/what-business-structure-is-required"
"NH","New Hampshire","what-can-a-med-spa-advertise","Advertising limits","N.H. Rev. Stat. §329:17, VI(g)","https://www.gencourt.state.nh.us/rsa/html/XXX/329/329-mrg.htm","","","2026-09-03","true","https://medsparadar.com/states/new-hampshire/q/what-can-a-med-spa-advertise"
"NH","New Hampshire","what-can-a-practitioner-be-disciplined-for","Grounds for discipline","N.H. Rev. Stat. §329:17, VI(d)","https://www.gencourt.state.nh.us/rsa/html/XXX/329/329-mrg.htm","","","2026-09-03","true","https://medsparadar.com/states/new-hampshire/q/what-can-a-practitioner-be-disciplined-for"
"NH","New Hampshire","what-does-it-cost-to-open","License fees","N.H. Code Admin. R. Plc 1002.07 and Table 1002.7 (Application Processing and Licensing Fees — Board of Barbering, Cosmetology, and Esthetics)","https://gc.nh.gov/rules/state_agencies/plc1000.html","","","2026-09-07","true","https://medsparadar.com/states/new-hampshire/q/what-does-it-cost-to-open"
"NH","New Hampshire","what-happens-if-you-practice-without-a-license","Unlicensed practice","N.H. Rev. Stat. §329:24, I (Unlawful Practice)","https://www.gencourt.state.nh.us/rsa/html/XXX/329/329-mrg.htm","","","2026-09-03","true","https://medsparadar.com/states/new-hampshire/q/what-happens-if-you-practice-without-a-license"
"NH","New Hampshire","who-enforces-deceptive-med-spa-marketing","Marketing enforcement","N.H. Rev. Stat. §358-A:4, I, III(a)","https://www.gencourt.state.nh.us/rsa/html/XXXI/358-A/358-A-mrg.htm","","","2026-09-08","true","https://medsparadar.com/states/new-hampshire/q/who-enforces-deceptive-med-spa-marketing"
"NH","New Hampshire","who-may-operate-a-cosmetic-laser","Laser & energy devices","N.H. Rev. Stat. §329:1","https://www.gencourt.state.nh.us/rsa/html/XXX/329/329-mrg.htm","","","2026-09-08","true","https://medsparadar.com/states/new-hampshire/q/who-may-operate-a-cosmetic-laser"
"NJ","New Jersey","can-a-med-spa-offer-compounded-glp-1","Compounded GLP-1","N.J.A.C. 13:39-11.18","https://www.lexisnexis.com/hottopics/njcode/","https://web.archive.org/web/20250601001548/https://www.njconsumeraffairs.gov/regulations/Chapter-39-State-Board-of-Pharmacy.pdf","Internet Archive snapshot — evidence of a page, not the current rule","2026-09-02","true","https://medsparadar.com/states/new-jersey/q/can-a-med-spa-offer-compounded-glp-1"
"NJ","New Jersey","can-a-medical-assistant-inject","Medical assistants","N.J.A.C. 13:35-6.14(d)","https://www.lexisnexis.com/hottopics/njcode/","https://www.law.cornell.edu/regulations/new-jersey/N-J-A-C-13-35-6-14","Cornell Legal Information Institute","2026-08-17","true","https://medsparadar.com/states/new-jersey/q/can-a-medical-assistant-inject"
"NJ","New Jersey","can-a-non-clinical-owner-take-a-percentage","Fees to a non-clinical owner","N.J.A.C. 13:35-6.17","https://www.lexisnexis.com/hottopics/njcode/","https://www.law.cornell.edu/regulations/new-jersey/N-J-A-C-13-35-6-17","Cornell Legal Information Institute","2026-09-02","true","https://medsparadar.com/states/new-jersey/q/can-a-non-clinical-owner-take-a-percentage"
"NJ","New Jersey","can-a-non-physician-own-a-med-spa","Non-physician ownership","N.J.A.C. 13:35-6.17","https://www.lexisnexis.com/hottopics/njcode/","https://www.law.cornell.edu/regulations/new-jersey/N-J-A-C-13-35-6-17","Cornell Legal Information Institute","2026-09-02","true","https://medsparadar.com/states/new-jersey/q/can-a-non-physician-own-a-med-spa"
"NJ","New Jersey","can-a-nurse-practitioner-work-without-a-physician","NP independence","N.J.A.C. 13:37-7.9(a)-(b), (d)8 (Prescriptive practice)","https://www.lexisnexis.com/hottopics/njcode/","https://www.law.cornell.edu/regulations/new-jersey/N-J-A-C-13-37-7-9","Cornell Legal Information Institute","2026-09-08","true","https://medsparadar.com/states/new-jersey/q/can-a-nurse-practitioner-work-without-a-physician"
"NJ","New Jersey","can-a-physician-assistant-inject-or-prescribe","Physician assistants","N.J.A.C. 13:35-6.14(a)","https://www.lexisnexis.com/hottopics/njcode/","https://www.law.cornell.edu/regulations/new-jersey/N-J-A-C-13-35-6-14","Cornell Legal Information Institute","2026-08-17","true","https://medsparadar.com/states/new-jersey/q/can-a-physician-assistant-inject-or-prescribe"
"NJ","New Jersey","can-an-rn-inject-botox-or-filler","RN injecting","N.J.A.C. 13:35-6.14(a)","https://www.lexisnexis.com/hottopics/njcode/","https://www.law.cornell.edu/regulations/new-jersey/N-J-A-C-13-35-6-14","Cornell Legal Information Institute","2026-08-17","true","https://medsparadar.com/states/new-jersey/q/can-an-rn-inject-botox-or-filler"
"NJ","New Jersey","can-private-equity-invest-in-a-med-spa","Private-equity investment","N.J.A.C. 13:35-6.16(f)5","https://www.lexisnexis.com/hottopics/njcode/","https://www.law.cornell.edu/regulations/new-jersey/N-J-A-C-13-35-6-16","Cornell Legal Information Institute","2026-08-17","true","https://medsparadar.com/states/new-jersey/q/can-private-equity-invest-in-a-med-spa"
"NJ","New Jersey","can-the-exam-be-done-by-telehealth","Telehealth exams","N.J.A.C. 13:35-6B.3 (Telemedicine and telehealth — standard of care)","https://www.lexisnexis.com/hottopics/njcode/","https://www.law.cornell.edu/regulations/new-jersey/N-J-A-C-13-35-6B-3","Cornell Legal Information Institute","2026-09-08","true","https://medsparadar.com/states/new-jersey/q/can-the-exam-be-done-by-telehealth"
"NJ","New Jersey","can-the-state-shut-down-an-unlicensed-med-spa","Shutdown powers","N.J.S.A. 45:1-21","https://lis.njleg.state.nj.us/nxt/gateway.dll/statutes/1?f=templates&fn=default.htm&vid=Publish:10.1048/Enu","https://codes.findlaw.com/nj/title-45-professions-and-occupations/nj-st-sect-45-1-21.html","FindLaw Codes","2026-08-17","true","https://medsparadar.com/states/new-jersey/q/can-the-state-shut-down-an-unlicensed-med-spa"
"NJ","New Jersey","does-a-med-spa-need-to-register","Registration & licensing","N.J.A.C. 13:39-11.18","https://www.lexisnexis.com/hottopics/njcode/","https://web.archive.org/web/20250601001548/https://www.njconsumeraffairs.gov/regulations/Chapter-39-State-Board-of-Pharmacy.pdf","Internet Archive snapshot — evidence of a page, not the current rule","2026-09-02","true","https://medsparadar.com/states/new-jersey/q/does-a-med-spa-need-to-register"
"NJ","New Jersey","is-a-medical-director-required","Medical director required?","N.J.A.C. 13:35-4A.3","https://www.lexisnexis.com/hottopics/njcode/","https://www.law.cornell.edu/regulations/new-jersey/N-J-A-C-13-35-4A-3","Cornell Legal Information Institute","2026-08-17","true","https://medsparadar.com/states/new-jersey/q/is-a-medical-director-required"
"NJ","New Jersey","is-an-exam-required-before-treatment","Exam before treatment","N.J.A.C. 13:35-6.14(e)1","https://www.lexisnexis.com/hottopics/njcode/","https://www.law.cornell.edu/regulations/new-jersey/N-J-A-C-13-35-6-14","Cornell Legal Information Institute","2026-08-17","true","https://medsparadar.com/states/new-jersey/q/is-an-exam-required-before-treatment"
"NJ","New Jersey","may-an-esthetician-perform-microneedling","Esthetician microneedling","N.J.A.C. 13:28-2.15(a), (b)(2)","https://www.lexisnexis.com/hottopics/njcode/","https://www.law.cornell.edu/regulations/new-jersey/N-J-A-C-13-28-2-15","Cornell Legal Information Institute","2026-09-02","true","https://medsparadar.com/states/new-jersey/q/may-an-esthetician-perform-microneedling"
"NJ","New Jersey","must-someone-be-on-site-during-treatment","On-site presence","N.J.A.C. 13:35-6.14(e)5","https://www.lexisnexis.com/hottopics/njcode/","https://www.law.cornell.edu/regulations/new-jersey/N-J-A-C-13-35-6-14","Cornell Legal Information Institute","2026-08-17","true","https://medsparadar.com/states/new-jersey/q/must-someone-be-on-site-during-treatment"
"NJ","New Jersey","what-business-structure-is-required","Structure limits","N.J.A.C. 13:35-6.16(f)2","https://www.lexisnexis.com/hottopics/njcode/","https://www.law.cornell.edu/regulations/new-jersey/N-J-A-C-13-35-6-16","Cornell Legal Information Institute","2026-08-17","true","https://medsparadar.com/states/new-jersey/q/what-business-structure-is-required"
"NJ","New Jersey","what-can-a-med-spa-advertise","Advertising limits","N.J.A.C. 13:35-6.10","https://www.lexisnexis.com/hottopics/njcode/","https://www.law.cornell.edu/regulations/new-jersey/N-J-A-C-13-35-6-10","Cornell Legal Information Institute","2026-08-17","true","https://medsparadar.com/states/new-jersey/q/what-can-a-med-spa-advertise"
"NJ","New Jersey","what-can-a-practitioner-be-disciplined-for","Grounds for discipline","N.J.S.A. 45:1-21","https://lis.njleg.state.nj.us/nxt/gateway.dll/statutes/1?f=templates&fn=default.htm&vid=Publish:10.1048/Enu","https://codes.findlaw.com/nj/title-45-professions-and-occupations/nj-st-sect-45-1-21.html","FindLaw Codes","2026-08-17","true","https://medsparadar.com/states/new-jersey/q/what-can-a-practitioner-be-disciplined-for"
"NJ","New Jersey","what-does-it-cost-to-open","License fees","N.J.A.C. 13:28-5.1(a)","https://www.lexisnexis.com/hottopics/njcode/","https://www.law.cornell.edu/regulations/new-jersey/N-J-A-C-13-28-5-1","Cornell Legal Information Institute","2026-09-02","true","https://medsparadar.com/states/new-jersey/q/what-does-it-cost-to-open"
"NJ","New Jersey","what-happens-if-you-practice-without-a-license","Unlicensed practice","N.J.S.A. 45:1-21","https://lis.njleg.state.nj.us/nxt/gateway.dll/statutes/1?f=templates&fn=default.htm&vid=Publish:10.1048/Enu","https://codes.findlaw.com/nj/title-45-professions-and-occupations/nj-st-sect-45-1-21.html","FindLaw Codes","2026-08-17","true","https://medsparadar.com/states/new-jersey/q/what-happens-if-you-practice-without-a-license"
"NJ","New Jersey","what-must-be-reported-to-the-board","Reporting duties","N.J.A.C. 13:35-6.16(g)","https://www.lexisnexis.com/hottopics/njcode/","https://www.law.cornell.edu/regulations/new-jersey/N-J-A-C-13-35-6-16","Cornell Legal Information Institute","2026-08-17","true","https://medsparadar.com/states/new-jersey/q/what-must-be-reported-to-the-board"
"NJ","New Jersey","what-must-the-supervising-physician-do","Supervising physician duties","N.J.A.C. 13:35-6.14(e)2","https://www.lexisnexis.com/hottopics/njcode/","https://www.law.cornell.edu/regulations/new-jersey/N-J-A-C-13-35-6-14","Cornell Legal Information Institute","2026-08-17","true","https://medsparadar.com/states/new-jersey/q/what-must-the-supervising-physician-do"
"NJ","New Jersey","who-may-operate-a-cosmetic-laser","Laser & energy devices","N.J.A.C. 13:35-4A.3","https://www.lexisnexis.com/hottopics/njcode/","https://www.law.cornell.edu/regulations/new-jersey/N-J-A-C-13-35-4A-3","Cornell Legal Information Institute","2026-08-17","true","https://medsparadar.com/states/new-jersey/q/who-may-operate-a-cosmetic-laser"
"NM","New Mexico","can-a-med-spa-offer-compounded-glp-1","Compounded GLP-1","16.19.30.9(A)(3) NMAC (Compounding of Non-Sterile Pharmaceuticals — commercially available products)","https://www.srca.nm.gov/parts/title16/16.019.0030.html","","","2026-09-08","true","https://medsparadar.com/states/new-mexico/q/can-a-med-spa-offer-compounded-glp-1"
"NM","New Mexico","can-a-medical-assistant-inject","Medical assistants","16.12.14.10(E) NMAC (Patient care — delegation)","https://www.srca.nm.gov/parts/title16/16.012.0014.html","","","2026-09-04","true","https://medsparadar.com/states/new-mexico/q/can-a-medical-assistant-inject"
"NM","New Mexico","can-a-non-clinical-owner-take-a-percentage","Fees to a non-clinical owner","N.M. Stat. Ann. § 61-6-15(D)(16) (Unprofessional or dishonorable conduct)","https://www.nmmb.state.nm.us/wp-content/uploads/2024/05/medical-practice-act-2023-07-23.pdf","","","2026-09-04","true","https://medsparadar.com/states/new-mexico/q/can-a-non-clinical-owner-take-a-percentage"
"NM","New Mexico","can-a-non-physician-own-a-med-spa","Non-physician ownership","N.M. Stat. Ann. §§ 61-6-1 to 61-6-35 (Medical Practice Act), read in full — absence claim","https://www.nmmb.state.nm.us/wp-content/uploads/2024/05/medical-practice-act-2023-07-23.pdf","","","2026-09-04","true","https://medsparadar.com/states/new-mexico/q/can-a-non-physician-own-a-med-spa"
"NM","New Mexico","can-a-nurse-practitioner-work-without-a-physician","NP independence","16.12.14.8(D) NMAC (Education and scope of practice)","https://www.srca.nm.gov/parts/title16/16.012.0014.html","","","2026-09-04","true","https://medsparadar.com/states/new-mexico/q/can-a-nurse-practitioner-work-without-a-physician"
"NM","New Mexico","can-a-physician-assistant-inject-or-prescribe","Physician assistants","16.10.15.16 and 16.10.15.17 NMAC (Scope of practice; practice limitations)","https://www.srca.nm.gov/parts/title16/16.010.0015.html","","","2026-09-08","true","https://medsparadar.com/states/new-mexico/q/can-a-physician-assistant-inject-or-prescribe"
"NM","New Mexico","can-an-rn-inject-botox-or-filler","RN injecting","16.12.14.8(D) NMAC (Education and scope of practice)","https://www.srca.nm.gov/parts/title16/16.012.0014.html","","","2026-09-04","true","https://medsparadar.com/states/new-mexico/q/can-an-rn-inject-botox-or-filler"
"NM","New Mexico","can-the-exam-be-done-by-telehealth","Telehealth exams","16.12.14.10(D) NMAC (Patient care — telemedicine)","https://www.srca.nm.gov/parts/title16/16.012.0014.html","","","2026-09-04","true","https://medsparadar.com/states/new-mexico/q/can-the-exam-be-done-by-telehealth"
"NM","New Mexico","can-the-state-shut-down-an-unlicensed-med-spa","Shutdown powers","N.M. Stat. Ann. § 61-6-22 (Injunction to prevent practice without a license)","https://www.nmmb.state.nm.us/wp-content/uploads/2024/05/medical-practice-act-2023-07-23.pdf","","","2026-09-04","true","https://medsparadar.com/states/new-mexico/q/can-the-state-shut-down-an-unlicensed-med-spa"
"NM","New Mexico","does-a-med-spa-need-to-register","Registration & licensing","16.12.14.7(A)(3) NMAC (Definitions; eff. 2024-05-21)","https://www.srca.nm.gov/parts/title16/16.012.0014.html","","","2026-09-04","true","https://medsparadar.com/states/new-mexico/q/does-a-med-spa-need-to-register"
"NM","New Mexico","is-a-medical-director-required","Medical director required?","16.12.14.8(B) NMAC (Nursing Practice in Aesthetic Healthcare Facilities, eff. 2024-05-21)","https://www.srca.nm.gov/parts/title16/16.012.0014.html","","","2026-09-04","true","https://medsparadar.com/states/new-mexico/q/is-a-medical-director-required"
"NM","New Mexico","is-an-exam-required-before-treatment","Exam before treatment","16.12.14.10(B) NMAC (Patient care)","https://www.srca.nm.gov/parts/title16/16.012.0014.html","","","2026-09-04","true","https://medsparadar.com/states/new-mexico/q/is-an-exam-required-before-treatment"
"NM","New Mexico","may-an-esthetician-perform-microneedling","Esthetician microneedling","16.34.5.12 NMAC (a CLOSED list, and invasive techniques are excluded by name)","https://www.srca.nm.gov/parts/title16/16.034.0005.html","","","2026-09-07","true","https://medsparadar.com/states/new-mexico/q/may-an-esthetician-perform-microneedling"
"NM","New Mexico","must-someone-be-on-site-during-treatment","On-site presence","16.10.13.8 NMAC (Use of medical therapeutic and cosmetic devices)","https://www.srca.nm.gov/parts/title16/16.010.0013.html","","","2026-09-04","true","https://medsparadar.com/states/new-mexico/q/must-someone-be-on-site-during-treatment"
"NM","New Mexico","what-business-structure-is-required","Structure limits","N.M. Stat. Ann. §§ 61-6-1 to 61-6-35 (Medical Practice Act), read in full — absence claim","https://www.nmmb.state.nm.us/wp-content/uploads/2024/05/medical-practice-act-2023-07-23.pdf","","","2026-09-04","true","https://medsparadar.com/states/new-mexico/q/what-business-structure-is-required"
"NM","New Mexico","what-can-a-med-spa-advertise","Advertising limits","16.12.14.11(D) NMAC (Patient records, confidentiality, and advertising)","https://www.srca.nm.gov/parts/title16/16.012.0014.html","","","2026-09-04","true","https://medsparadar.com/states/new-mexico/q/what-can-a-med-spa-advertise"
"NM","New Mexico","what-can-a-practitioner-be-disciplined-for","Grounds for discipline","N.M. Stat. Ann. § 61-6-15(D)(18) (Unprofessional or dishonorable conduct)","https://www.nmmb.state.nm.us/wp-content/uploads/2024/05/medical-practice-act-2023-07-23.pdf","","","2026-09-04","true","https://medsparadar.com/states/new-mexico/q/what-can-a-practitioner-be-disciplined-for"
"NM","New Mexico","what-does-it-cost-to-open","License fees","16.34.14.8 NMAC (the establishment fee a new studio actually pays)","https://www.srca.nm.gov/parts/title16/16.034.0014.html","","","2026-09-07","true","https://medsparadar.com/states/new-mexico/q/what-does-it-cost-to-open"
"NM","New Mexico","what-happens-if-you-practice-without-a-license","Unlicensed practice","N.M. Stat. Ann. § 61-6-20(A) (Practicing without license)","https://www.nmmb.state.nm.us/wp-content/uploads/2024/05/medical-practice-act-2023-07-23.pdf","","","2026-09-04","true","https://medsparadar.com/states/new-mexico/q/what-happens-if-you-practice-without-a-license"
"NM","New Mexico","what-must-be-reported-to-the-board","Reporting duties","16.10.10 NMAC (Reporting requirements for licensees, applicants and other persons and entities)","https://www.srca.nm.gov/parts/title16/16.010.0010.html","","","2026-09-04","true","https://medsparadar.com/states/new-mexico/q/what-must-be-reported-to-the-board"
"NM","New Mexico","what-must-the-supervising-physician-do","Supervising physician duties","16.12.14.9(B)(5) NMAC (Clinical supervisor)","https://www.srca.nm.gov/parts/title16/16.012.0014.html","","","2026-09-04","true","https://medsparadar.com/states/new-mexico/q/what-must-the-supervising-physician-do"
"NM","New Mexico","who-may-operate-a-cosmetic-laser","Laser & energy devices","16.10.13.8 NMAC (Use of medical therapeutic and cosmetic devices — supervision of medical assistants)","https://www.srca.nm.gov/parts/title16/16.010.0013.html","","","2026-09-08","true","https://medsparadar.com/states/new-mexico/q/who-may-operate-a-cosmetic-laser"
"NM","New Mexico","who-may-perform-the-pre-treatment-exam","Who performs the exam","16.12.14.10(B) NMAC (Patient care)","https://www.srca.nm.gov/parts/title16/16.012.0014.html","","","2026-09-04","true","https://medsparadar.com/states/new-mexico/q/who-may-perform-the-pre-treatment-exam"
"NY","New York","can-a-management-company-run-the-business-side","Management companies (MSO)","N.Y. Educ. Law § 6530(19)","https://www.op.nysed.gov/title8/education-law/article-131a","","","2026-09-02","true","https://medsparadar.com/states/new-york/q/can-a-management-company-run-the-business-side"
"NY","New York","can-a-med-spa-offer-compounded-glp-1","Compounded GLP-1","N.Y. Educ. Law § 6810(1)","https://www.op.nysed.gov/title8/education-law/article-137","","","2026-09-02","true","https://medsparadar.com/states/new-york/q/can-a-med-spa-offer-compounded-glp-1"
"NY","New York","can-a-medical-assistant-inject","Medical assistants","N.Y. Educ. Law §6530(11)","https://www.op.nysed.gov/title8/education-law/article-131a","","","2026-08-17","true","https://medsparadar.com/states/new-york/q/can-a-medical-assistant-inject"
"NY","New York","can-a-non-clinical-owner-take-a-percentage","Fees to a non-clinical owner","N.Y. Educ. Law § 6530(19)","https://www.op.nysed.gov/title8/education-law/article-131a","","","2026-09-02","true","https://medsparadar.com/states/new-york/q/can-a-non-clinical-owner-take-a-percentage"
"NY","New York","can-a-non-physician-own-a-med-spa","Non-physician ownership","N.Y. Educ. Law §6522","https://www.op.nysed.gov/title8/education-law/article-131","","","2026-08-17","true","https://medsparadar.com/states/new-york/q/can-a-non-physician-own-a-med-spa"
"NY","New York","can-a-nurse-practitioner-work-without-a-physician","NP independence","N.Y. Educ. Law §6902(3)(a)(i)","https://www.op.nysed.gov/title8/education-law/article-139","","","2026-08-17","true","https://medsparadar.com/states/new-york/q/can-a-nurse-practitioner-work-without-a-physician"
"NY","New York","can-a-physician-assistant-inject-or-prescribe","Physician assistants","N.Y. Educ. Law §6542","https://www.op.nysed.gov/professions/physician-assistants/laws-rules-regulations/article-131b","","","2026-08-17","true","https://medsparadar.com/states/new-york/q/can-a-physician-assistant-inject-or-prescribe"
"NY","New York","can-an-rn-inject-botox-or-filler","RN injecting","N.Y. Educ. Law §6902(1)","https://www.op.nysed.gov/title8/education-law/article-139","","","2026-08-17","true","https://medsparadar.com/states/new-york/q/can-an-rn-inject-botox-or-filler"
"NY","New York","can-the-exam-be-done-by-telehealth","Telehealth exams","N.Y. Pub. Health Law § 2999-cc(2), (4)-(5) (Telehealth — definitions)","https://www.nysenate.gov/legislation/laws/PBH/2999-CC","https://web.archive.org/web/2026/https://www.nysenate.gov/legislation/laws/PBH/2999-CC","Internet Archive snapshot — evidence of a page, not the current rule","2026-09-08","true","https://medsparadar.com/states/new-york/q/can-the-exam-be-done-by-telehealth"
"NY","New York","can-the-state-shut-down-an-unlicensed-med-spa","Shutdown powers","N.Y. Pub. Health Law § 230-a","https://www.nysenate.gov/legislation/laws/PBH/230-A","https://newyork.public.law/laws/n.y._public_health_law_section_230-a","Public.Law — New York Consolidated Laws","2026-09-02","true","https://medsparadar.com/states/new-york/q/can-the-state-shut-down-an-unlicensed-med-spa"
"NY","New York","does-a-med-spa-need-to-register","Registration & licensing","N.Y. Educ. Law § 6810(1)","https://www.op.nysed.gov/title8/education-law/article-137","","","2026-09-02","true","https://medsparadar.com/states/new-york/q/does-a-med-spa-need-to-register"
"NY","New York","is-a-medical-director-required","Medical director required?","N.Y. Educ. Law §6521","https://www.op.nysed.gov/title8/education-law/article-131","","","2026-08-17","true","https://medsparadar.com/states/new-york/q/is-a-medical-director-required"
"NY","New York","is-an-exam-required-before-treatment","Exam before treatment","N.Y. Educ. Law §6521","https://www.op.nysed.gov/title8/education-law/article-131","","","2026-08-17","true","https://medsparadar.com/states/new-york/q/is-an-exam-required-before-treatment"
"NY","New York","may-an-esthetician-perform-microneedling","Esthetician microneedling","NY Dept. of State, Appearance Enhancement Licensees — Procedural Service Determinations (Procedure Licensure Chart), row “Microneedling/Dermalrolling”, column “NYS Education Dept. License”","https://dos.ny.gov/scope-practice-determinations-0","","","2026-09-03","true","https://medsparadar.com/states/new-york/q/may-an-esthetician-perform-microneedling"
"NY","New York","must-someone-be-on-site-during-treatment","On-site presence","N.Y. State Board for Medicine — Use of Energy Devices Including Lasers as the Practice of Medicine (Practitioner Guidelines — general supervision)","https://www.op.nysed.gov/sites/op/files/2025-02/Use%20of%20Energy%20Devices%20Including%20Lasers%20as%20the%20Practice%20of%20Medicine.pdf","","","2026-09-08","true","https://medsparadar.com/states/new-york/q/must-someone-be-on-site-during-treatment"
"NY","New York","what-business-structure-is-required","Structure limits","N.Y. Bus. Corp. Law §1503","https://www.nysenate.gov/legislation/laws/BSC/1503","","","2026-08-17","true","https://medsparadar.com/states/new-york/q/what-business-structure-is-required"
"NY","New York","what-can-a-med-spa-advertise","Advertising limits","N.Y. Educ. Law §6530(27)","https://www.op.nysed.gov/title8/education-law/article-131a","","","2026-08-17","true","https://medsparadar.com/states/new-york/q/what-can-a-med-spa-advertise"
"NY","New York","what-can-a-practitioner-be-disciplined-for","Grounds for discipline","N.Y. Educ. Law §6530","https://www.op.nysed.gov/title8/education-law/article-131a","","","2026-08-17","true","https://medsparadar.com/states/new-york/q/what-can-a-practitioner-be-disciplined-for"
"NY","New York","what-does-it-cost-to-open","License fees","N.Y. Gen. Bus. Law § 409(1), (2)","https://www.nysenate.gov/legislation/laws/GBS/409","https://newyork.public.law/laws/n.y._general_business_law_section_409","Public.Law — New York Consolidated Laws","2026-09-02","true","https://medsparadar.com/states/new-york/q/what-does-it-cost-to-open"
"NY","New York","what-happens-if-you-practice-without-a-license","Unlicensed practice","N.Y. Educ. Law §6512(1)","https://www.op.nysed.gov/title8/education-law/article-130-subarticle-4","","","2026-08-17","true","https://medsparadar.com/states/new-york/q/what-happens-if-you-practice-without-a-license"
"NY","New York","what-must-the-supervising-physician-do","Supervising physician duties","N.Y. State Board for Medicine — Use of Energy Devices Including Lasers as the Practice of Medicine (Mar. 7, 2025)","https://www.op.nysed.gov/sites/op/files/2025-02/Use%20of%20Energy%20Devices%20Including%20Lasers%20as%20the%20Practice%20of%20Medicine.pdf","","","2026-08-17","true","https://medsparadar.com/states/new-york/q/what-must-the-supervising-physician-do"
"NY","New York","who-enforces-deceptive-med-spa-marketing","Marketing enforcement","N.Y. Gen. Bus. Law § 349(b)","https://www.nysenate.gov/legislation/laws/GBS/349","https://newyork.public.law/laws/n.y._general_business_law_section_349","Public.Law — New York Consolidated Laws","2026-09-02","true","https://medsparadar.com/states/new-york/q/who-enforces-deceptive-med-spa-marketing"
"NY","New York","who-may-operate-a-cosmetic-laser","Laser & energy devices","N.Y. State Board for Medicine — Use of Energy Devices Including Lasers as the Practice of Medicine (Mar. 7, 2025)","https://www.op.nysed.gov/sites/op/files/2025-02/Use%20of%20Energy%20Devices%20Including%20Lasers%20as%20the%20Practice%20of%20Medicine.pdf","","","2026-08-17","true","https://medsparadar.com/states/new-york/q/who-may-operate-a-cosmetic-laser"
"NC","North Carolina","can-a-med-spa-offer-compounded-glp-1","Compounded GLP-1","N.C. Gen. Stat. § 90-85.3(c)","https://www.ncleg.gov/EnactedLegislation/Statutes/HTML/ByArticle/Chapter_90/Article_4A.html","","","2026-09-02","true","https://medsparadar.com/states/north-carolina/q/can-a-med-spa-offer-compounded-glp-1"
"NC","North Carolina","can-a-non-clinical-owner-take-a-percentage","Fees to a non-clinical owner","N.C. Gen. Stat. § 90-401","https://www.ncleg.gov/enactedlegislation/statutes/html/bysection/chapter_90/gs_90-401.html","","","2026-09-02","true","https://medsparadar.com/states/north-carolina/q/can-a-non-clinical-owner-take-a-percentage"
"NC","North Carolina","can-a-non-physician-own-a-med-spa","Non-physician ownership","NCMB Position Statement 10.1.2 (adopted March 2016, amended September 2025)","https://www.ncmedboard.org/resources-information/professional-resources/laws-rules-position-statements/position-statements/corporate-practice-of-medicine","","","2026-08-17","true","https://medsparadar.com/states/north-carolina/q/can-a-non-physician-own-a-med-spa"
"NC","North Carolina","can-a-nurse-practitioner-work-without-a-physician","NP independence","NC Board of Nursing, Cosmetic/Aesthetic Dermatological Procedures Position Statement (rev. 9/2022)","https://www.ncbon.com/sites/default/files/documents/2024-02/ps-cosmetic-aesthetic-dermatological-procedures.pdf","","","2026-08-17","true","https://medsparadar.com/states/north-carolina/q/can-a-nurse-practitioner-work-without-a-physician"
"NC","North Carolina","can-a-physician-assistant-inject-or-prescribe","Physician assistants","N.C. Gen. Stat. §55B-14(c)(3) and (c)(5)","https://www.ncleg.gov/enactedlegislation/statutes/html/bysection/chapter_55b/gs_55b-14.html","","","2026-09-01","true","https://medsparadar.com/states/north-carolina/q/can-a-physician-assistant-inject-or-prescribe"
"NC","North Carolina","can-an-rn-inject-botox-or-filler","RN injecting","NC Board of Nursing, Cosmetic/Aesthetic Dermatological Procedures Position Statement (rev. 9/2022)","https://www.ncbon.com/sites/default/files/documents/2024-02/ps-cosmetic-aesthetic-dermatological-procedures.pdf","","","2026-08-17","true","https://medsparadar.com/states/north-carolina/q/can-an-rn-inject-botox-or-filler"
"NC","North Carolina","can-the-exam-be-done-by-telehealth","Telehealth exams","NCMB Position Statement 5.1.4 (Telemedicine — licensee-patient relationship; evaluations and examinations)","https://www.ncmedboard.org/resources-information/professional-resources/laws-rules-position-statements/position-statements/telemedicine","","","2026-09-08","true","https://medsparadar.com/states/north-carolina/q/can-the-exam-be-done-by-telehealth"
"NC","North Carolina","can-the-state-shut-down-an-unlicensed-med-spa","Shutdown powers","N.C. Gen. Stat. §90-14","https://www.ncleg.gov/enactedlegislation/statutes/html/bysection/chapter_90/gs_90-14.html","","","2026-08-17","true","https://medsparadar.com/states/north-carolina/q/can-the-state-shut-down-an-unlicensed-med-spa"
"NC","North Carolina","does-a-med-spa-need-to-register","Registration & licensing","N.C. Gen. Stat. § 90-85.3(c)","https://www.ncleg.gov/EnactedLegislation/Statutes/HTML/ByArticle/Chapter_90/Article_4A.html","","","2026-09-02","true","https://medsparadar.com/states/north-carolina/q/does-a-med-spa-need-to-register"
"NC","North Carolina","is-a-medical-director-required","Medical director required?","NCMB Position Statement 5.1.2 (adopted July 1999, amended May 2021)","https://www.ncmedboard.org/resources-information/professional-resources/laws-rules-position-statements/position-statements/laser_surgery","","","2026-08-17","true","https://medsparadar.com/states/north-carolina/q/is-a-medical-director-required"
"NC","North Carolina","is-an-exam-required-before-treatment","Exam before treatment","NC Board of Nursing, Cosmetic/Aesthetic Dermatological Procedures Position Statement (rev. 9/2022)","https://www.ncbon.com/sites/default/files/documents/2024-02/ps-cosmetic-aesthetic-dermatological-procedures.pdf","","","2026-08-17","true","https://medsparadar.com/states/north-carolina/q/is-an-exam-required-before-treatment"
"NC","North Carolina","may-an-esthetician-perform-microneedling","Esthetician microneedling","N.C. Gen. Stat. § 88B-2(11a)","https://www.ncleg.gov/enactedlegislation/statutes/html/bysection/chapter_88b/gs_88b-2.html","","","2026-09-02","true","https://medsparadar.com/states/north-carolina/q/may-an-esthetician-perform-microneedling"
"NC","North Carolina","must-someone-be-on-site-during-treatment","On-site presence","NC Board of Nursing, Cosmetic/Aesthetic Dermatological Procedures Position Statement (rev. 9/2022)","https://www.ncbon.com/sites/default/files/documents/2024-02/ps-cosmetic-aesthetic-dermatological-procedures.pdf","","","2026-08-17","true","https://medsparadar.com/states/north-carolina/q/must-someone-be-on-site-during-treatment"
"NC","North Carolina","what-business-structure-is-required","Structure limits","NCMB Position Statement 10.1.2 (adopted March 2016, amended September 2025)","https://www.ncmedboard.org/resources-information/professional-resources/laws-rules-position-statements/position-statements/corporate-practice-of-medicine","","","2026-08-17","true","https://medsparadar.com/states/north-carolina/q/what-business-structure-is-required"
"NC","North Carolina","what-can-a-med-spa-advertise","Advertising limits","N.C. Gen. Stat. §75-1.1(a)","https://www.ncleg.gov/enactedlegislation/statutes/html/bysection/chapter_75/gs_75-1.1.html","","","2026-08-17","true","https://medsparadar.com/states/north-carolina/q/what-can-a-med-spa-advertise"
"NC","North Carolina","what-can-a-practitioner-be-disciplined-for","Grounds for discipline","N.C. Gen. Stat. §90-14(a)(6)","https://www.ncleg.gov/enactedlegislation/statutes/html/bysection/chapter_90/gs_90-14.html","","","2026-08-17","true","https://medsparadar.com/states/north-carolina/q/what-can-a-practitioner-be-disciplined-for"
"NC","North Carolina","what-does-it-cost-to-open","License fees","N.C. Gen. Stat. § 88B-20(a), (b), (c)","https://www.ncleg.gov/EnactedLegislation/Statutes/HTML/BySection/Chapter_88B/GS_88B-20.html","","","2026-09-02","true","https://medsparadar.com/states/north-carolina/q/what-does-it-cost-to-open"
"NC","North Carolina","what-happens-if-you-practice-without-a-license","Unlicensed practice","N.C. Gen. Stat. §90-18(a)","https://www.ncleg.gov/enactedlegislation/statutes/html/bysection/chapter_90/gs_90-18.html","","","2026-08-17","true","https://medsparadar.com/states/north-carolina/q/what-happens-if-you-practice-without-a-license"
"NC","North Carolina","what-must-the-supervising-physician-do","Supervising physician duties","NCMB Position Statement 5.1.2 (Laser surgery — supervision and written protocols)","https://www.ncmedboard.org/resources-information/professional-resources/laws-rules-position-statements/position-statements/laser_surgery","","","2026-09-08","true","https://medsparadar.com/states/north-carolina/q/what-must-the-supervising-physician-do"
"NC","North Carolina","who-enforces-deceptive-med-spa-marketing","Marketing enforcement","N.C. Gen. Stat. § 75-15.1","https://www.ncleg.gov/EnactedLegislation/Statutes/HTML/BySection/Chapter_75/GS_75-15.1.html","","","2026-09-08","true","https://medsparadar.com/states/north-carolina/q/who-enforces-deceptive-med-spa-marketing"
"NC","North Carolina","who-may-operate-a-cosmetic-laser","Laser & energy devices","NCMB Position Statement 5.1.2 (adopted July 1999, amended May 2021)","https://www.ncmedboard.org/resources-information/professional-resources/laws-rules-position-statements/position-statements/laser_surgery","","","2026-08-17","true","https://medsparadar.com/states/north-carolina/q/who-may-operate-a-cosmetic-laser"
"NC","North Carolina","who-may-perform-the-pre-treatment-exam","Who performs the exam","NC Board of Nursing, Cosmetic/Aesthetic Dermatological Procedures Position Statement (rev. 9/2022)","https://www.ncbon.com/sites/default/files/documents/2024-02/ps-cosmetic-aesthetic-dermatological-procedures.pdf","","","2026-08-17","true","https://medsparadar.com/states/north-carolina/q/who-may-perform-the-pre-treatment-exam"
"ND","North Dakota","can-a-med-spa-offer-compounded-glp-1","Compounded GLP-1","N.D. Cent. Code § 43-15-01 (definition of “Compounding” — two limbs, one of them not for sale)","https://www.ndlegis.gov/cencode/t43c15.pdf","","","2026-09-06","true","https://medsparadar.com/states/north-dakota/q/can-a-med-spa-offer-compounded-glp-1"
"ND","North Dakota","can-a-medical-assistant-inject","Medical assistants","N.D.C.C. § 43-17-02.1(2)(c) (Physician assistant — scope of practice)","https://www.ndlegis.gov/cencode/t43c17.pdf","","","2026-09-08","true","https://medsparadar.com/states/north-dakota/q/can-a-medical-assistant-inject"
"ND","North Dakota","can-a-non-clinical-owner-take-a-percentage","Fees to a non-clinical owner","N.D.C.C. § 43-17-31(1)(r) (Fee-splitting, rebates and payment for referrals)","https://www.ndlegis.gov/cencode/t43c17.pdf","","","2026-09-05","true","https://medsparadar.com/states/north-dakota/q/can-a-non-clinical-owner-take-a-percentage"
"ND","North Dakota","can-a-non-physician-own-a-med-spa","Non-physician ownership","N.D.C.C. § 43-17-31(1)(r) (Fee-splitting, rebates and payment for referrals)","https://www.ndlegis.gov/cencode/t43c17.pdf","","","2026-09-05","true","https://medsparadar.com/states/north-dakota/q/can-a-non-physician-own-a-med-spa"
"ND","North Dakota","can-a-nurse-practitioner-work-without-a-physician","NP independence","N.D.C.C. § 43-12.1-02 (Definition of advanced practice registered nurse)","https://www.ndlegis.gov/cencode/t43c12-1.pdf","","","2026-09-05","true","https://medsparadar.com/states/north-dakota/q/can-a-nurse-practitioner-work-without-a-physician"
"ND","North Dakota","can-a-physician-assistant-inject-or-prescribe","Physician assistants","N.D.C.C. § 43-17-02.1(1) (Physician assistant — scope of practice)","https://www.ndlegis.gov/cencode/t43c17.pdf","","","2026-09-05","true","https://medsparadar.com/states/north-dakota/q/can-a-physician-assistant-inject-or-prescribe"
"ND","North Dakota","can-an-rn-inject-botox-or-filler","RN injecting","N.D.C.C. § 43-12.1-02 (Definition of advanced practice registered nurse)","https://www.ndlegis.gov/cencode/t43c12-1.pdf","","","2026-09-05","true","https://medsparadar.com/states/north-dakota/q/can-an-rn-inject-botox-or-filler"
"ND","North Dakota","can-the-exam-be-done-by-telehealth","Telehealth exams","N.D.C.C. § 43-17-44 (Standard of care — telemedicine and in-person alike)","https://www.ndlegis.gov/cencode/t43c17.pdf","","","2026-09-05","true","https://medsparadar.com/states/north-dakota/q/can-the-exam-be-done-by-telehealth"
"ND","North Dakota","can-the-state-shut-down-an-unlicensed-med-spa","Shutdown powers","N.D.C.C. § 43-12.1-14 (What the Board of Nursing may impose)","https://www.ndlegis.gov/cencode/t43c12-1.pdf","","","2026-09-05","true","https://medsparadar.com/states/north-dakota/q/can-the-state-shut-down-an-unlicensed-med-spa"
"ND","North Dakota","does-a-med-spa-need-to-register","Registration & licensing","N.D. Cent. Code § 43-15-01 (definition of “Compounding” — two limbs, one of them not for sale)","https://www.ndlegis.gov/cencode/t43c15.pdf","","","2026-09-06","true","https://medsparadar.com/states/north-dakota/q/does-a-med-spa-need-to-register"
"ND","North Dakota","is-a-medical-director-required","Medical director required?","N.D.C.C. § 43-17-02.1(1) (Physician assistant — scope of practice)","https://www.ndlegis.gov/cencode/t43c17.pdf","","","2026-09-05","true","https://medsparadar.com/states/north-dakota/q/is-a-medical-director-required"
"ND","North Dakota","is-an-exam-required-before-treatment","Exam before treatment","N.D.C.C. § 43-17-44 (Standard of care — telemedicine and in-person alike)","https://www.ndlegis.gov/cencode/t43c17.pdf","","","2026-09-05","true","https://medsparadar.com/states/north-dakota/q/is-an-exam-required-before-treatment"
"ND","North Dakota","may-an-esthetician-perform-microneedling","Esthetician microneedling","N.D. Cent. Code § 43-11-01(3) (“Advanced esthetics” defined — microneedling)","https://www.ndlegis.gov/cencode/t43c11.pdf","","","2026-09-07","true","https://medsparadar.com/states/north-dakota/q/may-an-esthetician-perform-microneedling"
"ND","North Dakota","what-business-structure-is-required","Structure limits","N.D. Cent. Code § 10-31-01(7); § 10-31-04(1)","https://www.ndlegis.gov/cencode/t10c31.pdf","","","2026-09-08","true","https://medsparadar.com/states/north-dakota/q/what-business-structure-is-required"
"ND","North Dakota","what-can-a-med-spa-advertise","Advertising limits","N.D.C.C. § 43-17-31(1)(k) (Untrue or deceptive advertising)","https://www.ndlegis.gov/cencode/t43c17.pdf","","","2026-09-05","true","https://medsparadar.com/states/north-dakota/q/what-can-a-med-spa-advertise"
"ND","North Dakota","what-can-a-practitioner-be-disciplined-for","Grounds for discipline","N.D.C.C. § 43-17-31(1)(a) (Fraud or deceit in the licensing process)","https://www.ndlegis.gov/cencode/t43c17.pdf","","","2026-09-05","true","https://medsparadar.com/states/north-dakota/q/what-can-a-practitioner-be-disciplined-for"
"ND","North Dakota","what-does-it-cost-to-open","License fees","N.D. Cent. Code § 43-11-28(2) (what it costs to open — statutory MAXIMUM fees, not set prices)","https://www.ndlegis.gov/cencode/t43c11.pdf","","","2026-09-06","true","https://medsparadar.com/states/north-dakota/q/what-does-it-cost-to-open"
"ND","North Dakota","what-happens-if-you-practice-without-a-license","Unlicensed practice","N.D.C.C. § 43-12.1-15(4) (Practicing in any nursing role without a license)","https://www.ndlegis.gov/cencode/t43c12-1.pdf","","","2026-09-05","true","https://medsparadar.com/states/north-dakota/q/what-happens-if-you-practice-without-a-license"
"ND","North Dakota","who-enforces-deceptive-med-spa-marketing","Marketing enforcement","N.D. Cent. Code § 51-15-04","https://www.ndlegis.gov/cencode/t51c15.pdf","","","2026-09-08","true","https://medsparadar.com/states/north-dakota/q/who-enforces-deceptive-med-spa-marketing"
"ND","North Dakota","who-may-operate-a-cosmetic-laser","Laser & energy devices","N.D. Cent. Code § 43-11-27.2","https://www.ndlegis.gov/cencode/t43c11.pdf","","","2026-09-08","true","https://medsparadar.com/states/north-dakota/q/who-may-operate-a-cosmetic-laser"
"OH","Ohio","can-a-med-spa-offer-compounded-glp-1","Compounded GLP-1","Ohio Rev. Code § 4729.51(B)","https://codes.ohio.gov/ohio-revised-code/section-4729.51","","","2026-09-02","true","https://medsparadar.com/states/ohio/q/can-a-med-spa-offer-compounded-glp-1"
"OH","Ohio","can-a-medical-assistant-inject","Medical assistants","Ohio Admin. Code 4731-23-01(B) and (F); Ohio Rev. Code §4731.053(B)","https://codes.ohio.gov/ohio-administrative-code/rule-4731-23-01","","","2026-09-01","true","https://medsparadar.com/states/ohio/q/can-a-medical-assistant-inject"
"OH","Ohio","can-a-non-clinical-owner-take-a-percentage","Fees to a non-clinical owner","Ohio Rev. Code § 4731.22(B)(17)","https://codes.ohio.gov/ohio-revised-code/section-4731.22","","","2026-09-02","true","https://medsparadar.com/states/ohio/q/can-a-non-clinical-owner-take-a-percentage"
"OH","Ohio","can-a-non-physician-own-a-med-spa","Non-physician ownership","Ohio Rev. Code § 4731.22(B)(17)","https://codes.ohio.gov/ohio-revised-code/section-4731.22","","","2026-09-02","true","https://medsparadar.com/states/ohio/q/can-a-non-physician-own-a-med-spa"
"OH","Ohio","can-a-nurse-practitioner-work-without-a-physician","NP independence","Ohio Rev. Code §4723.43(B)","https://codes.ohio.gov/ohio-revised-code/section-4723.43","","","2026-08-17","true","https://medsparadar.com/states/ohio/q/can-a-nurse-practitioner-work-without-a-physician"
"OH","Ohio","can-a-physician-assistant-inject-or-prescribe","Physician assistants","Ohio Admin. Code 4731-18-03 · Ohio Rev. Code §4730.21","https://codes.ohio.gov/ohio-administrative-code/rule-4731-18-03","","","2026-08-17","true","https://medsparadar.com/states/ohio/q/can-a-physician-assistant-inject-or-prescribe"
"OH","Ohio","can-an-rn-inject-botox-or-filler","RN injecting","Ohio Rev. Code §4723.43(B)","https://codes.ohio.gov/ohio-revised-code/section-4723.43","","","2026-08-17","true","https://medsparadar.com/states/ohio/q/can-an-rn-inject-botox-or-filler"
"OH","Ohio","can-the-exam-be-done-by-telehealth","Telehealth exams","Ohio Admin. Code 4731-37-01(B) (Telehealth — standard of care)","https://codes.ohio.gov/ohio-administrative-code/rule-4731-37-01","","","2026-09-08","true","https://medsparadar.com/states/ohio/q/can-the-exam-be-done-by-telehealth"
"OH","Ohio","can-the-state-shut-down-an-unlicensed-med-spa","Shutdown powers","Ohio Rev. Code §4731.41(A)","https://codes.ohio.gov/ohio-revised-code/section-4731.41","","","2026-08-17","true","https://medsparadar.com/states/ohio/q/can-the-state-shut-down-an-unlicensed-med-spa"
"OH","Ohio","does-a-med-spa-need-to-register","Registration & licensing","Ohio Rev. Code § 4729.51(B)","https://codes.ohio.gov/ohio-revised-code/section-4729.51","","","2026-09-02","true","https://medsparadar.com/states/ohio/q/does-a-med-spa-need-to-register"
"OH","Ohio","is-a-medical-director-required","Medical director required?","Ohio Admin. Code 4731-18-02(A)","https://codes.ohio.gov/ohio-administrative-code/rule-4731-18-02","","","2026-09-01","true","https://medsparadar.com/states/ohio/q/is-a-medical-director-required"
"OH","Ohio","is-an-exam-required-before-treatment","Exam before treatment","Ohio Admin. Code 4731-18-04","https://codes.ohio.gov/ohio-administrative-code/rule-4731-18-04","","","2026-08-17","true","https://medsparadar.com/states/ohio/q/is-an-exam-required-before-treatment"
"OH","Ohio","may-an-esthetician-perform-microneedling","Esthetician microneedling","Ohio Rev. Code § 4713.01(GG)","https://codes.ohio.gov/ohio-revised-code/section-4713.01","","","2026-09-02","true","https://medsparadar.com/states/ohio/q/may-an-esthetician-perform-microneedling"
"OH","Ohio","must-someone-be-on-site-during-treatment","On-site presence","Ohio Admin. Code 4731-18-03(A)(8) and (A)(9)","https://codes.ohio.gov/ohio-administrative-code/rule-4731-18-03","","","2026-09-01","true","https://medsparadar.com/states/ohio/q/must-someone-be-on-site-during-treatment"
"OH","Ohio","what-business-structure-is-required","Structure limits","Ohio Rev. Code §4731.226(A)(1)","https://codes.ohio.gov/ohio-revised-code/section-4731.226","","","2026-08-17","true","https://medsparadar.com/states/ohio/q/what-business-structure-is-required"
"OH","Ohio","what-can-a-med-spa-advertise","Advertising limits","Ohio Rev. Code §4731.22(B)(5)","https://codes.ohio.gov/ohio-revised-code/section-4731.22","","","2026-08-17","true","https://medsparadar.com/states/ohio/q/what-can-a-med-spa-advertise"
"OH","Ohio","what-can-a-practitioner-be-disciplined-for","Grounds for discipline","Ohio Rev. Code §4731.22(B)","https://codes.ohio.gov/ohio-revised-code/section-4731.22","","","2026-08-17","true","https://medsparadar.com/states/ohio/q/what-can-a-practitioner-be-disciplined-for"
"OH","Ohio","what-does-it-cost-to-open","License fees","Ohio Rev. Code § 4713.10(A)(2), (5), (9), (10)","https://codes.ohio.gov/ohio-revised-code/section-4713.10","","","2026-09-02","true","https://medsparadar.com/states/ohio/q/what-does-it-cost-to-open"
"OH","Ohio","what-happens-if-you-practice-without-a-license","Unlicensed practice","Ohio Rev. Code §4731.99(A)","https://codes.ohio.gov/ohio-revised-code/section-4731.99","","","2026-08-18","true","https://medsparadar.com/states/ohio/q/what-happens-if-you-practice-without-a-license"
"OH","Ohio","what-must-be-reported-to-the-board","Reporting duties","Ohio Admin. Code 4731-18-03","https://codes.ohio.gov/ohio-administrative-code/rule-4731-18-03","","","2026-08-17","true","https://medsparadar.com/states/ohio/q/what-must-be-reported-to-the-board"
"OH","Ohio","what-must-the-supervising-physician-do","Supervising physician duties","Ohio Admin. Code 4731-18-03(A)(7)","https://codes.ohio.gov/ohio-administrative-code/rule-4731-18-03","","","2026-09-01","true","https://medsparadar.com/states/ohio/q/what-must-the-supervising-physician-do"
"OH","Ohio","who-enforces-deceptive-med-spa-marketing","Marketing enforcement","Ohio Rev. Code §1345.07","https://codes.ohio.gov/ohio-revised-code/section-1345.07","","","2026-08-17","true","https://medsparadar.com/states/ohio/q/who-enforces-deceptive-med-spa-marketing"
"OH","Ohio","who-may-operate-a-cosmetic-laser","Laser & energy devices","Ohio Admin. Code 4731-18-02(B)","https://codes.ohio.gov/ohio-administrative-code/rule-4731-18-02","","","2026-09-01","true","https://medsparadar.com/states/ohio/q/who-may-operate-a-cosmetic-laser"
"OK","Oklahoma","can-a-med-spa-offer-compounded-glp-1","Compounded GLP-1","Okla. Stat. tit. 59, § 353.1(8) (definition of “Compounding” — and the anticipatory limb)","https://oksenate.gov/sites/default/files/2022-05/os59.pdf","","","2026-09-06","true","https://medsparadar.com/states/oklahoma/q/can-a-med-spa-offer-compounded-glp-1"
"OK","Oklahoma","can-a-non-clinical-owner-take-a-percentage","Fees to a non-clinical owner","Okla. Stat. tit. 59, § 509 (Fees promised on a cure — both 2019 versions)","https://oksenate.gov/sites/default/files/2022-05/os59.pdf","","","2026-09-05","true","https://medsparadar.com/states/oklahoma/q/can-a-non-clinical-owner-take-a-percentage"
"OK","Oklahoma","can-a-non-physician-own-a-med-spa","Non-physician ownership","Okla. Stat. tit. 59, § 492 (An entity providing medical care may employ physicians)","https://oksenate.gov/sites/default/files/2022-05/os59.pdf","","","2026-09-05","true","https://medsparadar.com/states/oklahoma/q/can-a-non-physician-own-a-med-spa"
"OK","Oklahoma","can-a-nurse-practitioner-work-without-a-physician","NP independence","Okla. Stat. tit. 59, § 567.4c(A) (Independent prescriptive authority for APRNs)","https://oklahoma.gov/content/dam/ok/en/nursing/documents/actwp25.pdf","","","2026-09-05","true","https://medsparadar.com/states/oklahoma/q/can-a-nurse-practitioner-work-without-a-physician"
"OK","Oklahoma","can-a-physician-assistant-inject-or-prescribe","Physician assistants","Okla. Stat. tit. 59, § 519.6 (Supervision in all patient care settings)","https://oksenate.gov/sites/default/files/2022-05/os59.pdf","","","2026-09-05","true","https://medsparadar.com/states/oklahoma/q/can-a-physician-assistant-inject-or-prescribe"
"OK","Oklahoma","can-an-rn-inject-botox-or-filler","RN injecting","Okla. Stat. tit. 59, § 567.4c(A) (Independent prescriptive authority for APRNs)","https://oklahoma.gov/content/dam/ok/en/nursing/documents/actwp25.pdf","","","2026-09-05","true","https://medsparadar.com/states/oklahoma/q/can-an-rn-inject-botox-or-filler"
"OK","Oklahoma","can-the-exam-be-done-by-telehealth","Telehealth exams","Okla. Stat. tit. 59, § 478.1(A), (C) (Establishment of physician-patient relationship through telemedicine)","https://oksenate.gov/sites/default/files/2022-05/os59.pdf","","","2026-09-08","true","https://medsparadar.com/states/oklahoma/q/can-the-exam-be-done-by-telehealth"
"OK","Oklahoma","can-the-state-shut-down-an-unlicensed-med-spa","Shutdown powers","Okla. Stat. tit. 59, § 567.9 (Injunction without bond)","https://oklahoma.gov/content/dam/ok/en/nursing/documents/actwp25.pdf","","","2026-09-05","true","https://medsparadar.com/states/oklahoma/q/can-the-state-shut-down-an-unlicensed-med-spa"
"OK","Oklahoma","does-a-med-spa-need-to-register","Registration & licensing","Okla. Stat. tit. 59, § 353.1(8) (definition of “Compounding” — and the anticipatory limb)","https://oksenate.gov/sites/default/files/2022-05/os59.pdf","","","2026-09-06","true","https://medsparadar.com/states/oklahoma/q/does-a-med-spa-need-to-register"
"OK","Oklahoma","is-a-medical-director-required","Medical director required?","Okla. Stat. tit. 59, § 519.6 (Supervision in all patient care settings)","https://oksenate.gov/sites/default/files/2022-05/os59.pdf","","","2026-09-05","true","https://medsparadar.com/states/oklahoma/q/is-a-medical-director-required"
"OK","Oklahoma","is-an-exam-required-before-treatment","Exam before treatment","Okla. Stat. tit. 59, § 509 (Examination and a valid relationship before prescribing)","https://oksenate.gov/sites/default/files/2022-05/os59.pdf","","","2026-09-05","true","https://medsparadar.com/states/oklahoma/q/is-an-exam-required-before-treatment"
"OK","Oklahoma","may-an-esthetician-perform-microneedling","Esthetician microneedling","Okla. Admin. Code § 175:10-7-29(a), (a)(1)(C) (Scope of practice for Cosmetologists and Facialists/Estheticians — microneedling is puncturing the skin)","https://oklahoma.gov/content/dam/ok/en/cosmo/documents/rules-and-regulations/NEWER%202025.rule.book.print.effective.12.1.2025.pdf","","","2026-09-07","true","https://medsparadar.com/states/oklahoma/q/may-an-esthetician-perform-microneedling"
"OK","Oklahoma","must-someone-be-on-site-during-treatment","On-site presence","Okla. Stat. tit. 59, § 519.6(B) (Supervision — physical presence not required)","https://oksenate.gov/sites/default/files/2022-05/os59.pdf","","","2026-09-08","true","https://medsparadar.com/states/oklahoma/q/must-someone-be-on-site-during-treatment"
"OK","Oklahoma","what-business-structure-is-required","Structure limits","Okla. Stat. tit. 18, § 810 (Managers and stockholders)","https://oksenate.gov/sites/default/files/2022-05/os18.pdf","","","2026-09-08","true","https://medsparadar.com/states/oklahoma/q/what-business-structure-is-required"
"OK","Oklahoma","what-can-a-med-spa-advertise","Advertising limits","Okla. Stat. tit. 59, § 509 (Untrue or misleading advertising — both 2019 versions)","https://oksenate.gov/sites/default/files/2022-05/os59.pdf","","","2026-09-05","true","https://medsparadar.com/states/oklahoma/q/what-can-a-med-spa-advertise"
"OK","Oklahoma","what-can-a-practitioner-be-disciplined-for","Grounds for discipline","Okla. Stat. tit. 59, § 509 (Unprofessional conduct is defined non-exhaustively)","https://oksenate.gov/sites/default/files/2022-05/os59.pdf","","","2026-09-05","true","https://medsparadar.com/states/oklahoma/q/what-can-a-practitioner-be-disciplined-for"
"OK","Oklahoma","what-does-it-cost-to-open","License fees","Okla. Stat. tit. 59, § 199.14(A) (the fee schedule a new med spa actually pays)","https://oklahoma.gov/content/dam/ok/en/cosmo/documents/rules-and-regulations/NEWER%202025.rule.book.print.effective.12.1.2025.pdf","","","2026-09-06","true","https://medsparadar.com/states/oklahoma/q/what-does-it-cost-to-open"
"OK","Oklahoma","what-happens-if-you-practice-without-a-license","Unlicensed practice","Okla. Stat. tit. 59, § 491(A)(2) (Practicing without a license is a FELONY)","https://oksenate.gov/sites/default/files/2022-05/os59.pdf","","","2026-09-05","true","https://medsparadar.com/states/oklahoma/q/what-happens-if-you-practice-without-a-license"
"OK","Oklahoma","what-must-the-supervising-physician-do","Supervising physician duties","Okla. Stat. tit. 59, § 519.6(a) (Responsibility for all orders and protocols)","https://oksenate.gov/sites/default/files/2022-05/os59.pdf","","","2026-09-05","true","https://medsparadar.com/states/oklahoma/q/what-must-the-supervising-physician-do"
"OK","Oklahoma","who-enforces-deceptive-med-spa-marketing","Marketing enforcement","Okla. Stat. tit. 15, § 756.1(A)","https://oksenate.gov/sites/default/files/2022-05/os15.pdf","","","2026-09-08","true","https://medsparadar.com/states/oklahoma/q/who-enforces-deceptive-med-spa-marketing"
"OK","Oklahoma","who-may-operate-a-cosmetic-laser","Laser & energy devices","Okla. Admin. Code § 175:10-7-29(a)(1)(D), (F) (Scope of practice — lasers, injections, dermabrasion)","https://oklahoma.gov/content/dam/ok/en/cosmo/documents/rules-and-regulations/NEWER%202025.rule.book.print.effective.12.1.2025.pdf","","","2026-09-07","true","https://medsparadar.com/states/oklahoma/q/who-may-operate-a-cosmetic-laser"
"OR","Oregon","can-a-med-spa-offer-compounded-glp-1","Compounded GLP-1","Or. Rev. Stat. §689.005(20) (“Manufacture” defined — practitioner compounding incident to administering or dispensing excluded)","https://www.oregonlegislature.gov/bills_laws/ors/ors689.html","","","2026-09-07","true","https://medsparadar.com/states/oregon/q/can-a-med-spa-offer-compounded-glp-1"
"OR","Oregon","can-a-non-physician-own-a-med-spa","Non-physician ownership","Or. Rev. Stat. §58.156(1) (Method by which professional corporation to render services)","https://www.oregonlegislature.gov/bills_laws/ors/ors058.html","","","2026-09-03","true","https://medsparadar.com/states/oregon/q/can-a-non-physician-own-a-med-spa"
"OR","Oregon","can-a-nurse-practitioner-work-without-a-physician","NP independence","Or. Rev. Stat. §678.010(9) (“Practice of nursing” defined)","https://www.oregonlegislature.gov/bills_laws/ors/ors678.html","","","2026-09-03","true","https://medsparadar.com/states/oregon/q/can-a-nurse-practitioner-work-without-a-physician"
"OR","Oregon","can-a-physician-assistant-inject-or-prescribe","Physician assistants","Or. Rev. Stat. §677.510(2)(a)","https://www.oregonlegislature.gov/bills_laws/ors/ors677.html","","","2026-09-03","true","https://medsparadar.com/states/oregon/q/can-a-physician-assistant-inject-or-prescribe"
"OR","Oregon","can-an-rn-inject-botox-or-filler","RN injecting","Or. Rev. Stat. §678.010(9) (“Practice of nursing” defined)","https://www.oregonlegislature.gov/bills_laws/ors/ors678.html","","","2026-09-03","true","https://medsparadar.com/states/oregon/q/can-an-rn-inject-botox-or-filler"
"OR","Oregon","can-the-exam-be-done-by-telehealth","Telehealth exams","Or. Rev. Stat. §677.494(2)","https://www.oregonlegislature.gov/bills_laws/ors/ors677.html","","","2026-09-03","true","https://medsparadar.com/states/oregon/q/can-the-exam-be-done-by-telehealth"
"OR","Oregon","can-the-state-shut-down-an-unlicensed-med-spa","Shutdown powers","Or. Rev. Stat. §677.325","https://www.oregonlegislature.gov/bills_laws/ors/ors677.html","","","2026-09-08","true","https://medsparadar.com/states/oregon/q/can-the-state-shut-down-an-unlicensed-med-spa"
"OR","Oregon","does-a-med-spa-need-to-register","Registration & licensing","Or. Rev. Stat. §690.005(7) (“Facility” defined)","https://www.oregonlegislature.gov/bills_laws/ors/ors690.html","","","2026-09-03","true","https://medsparadar.com/states/oregon/q/does-a-med-spa-need-to-register"
"OR","Oregon","is-a-medical-director-required","Medical director required?","Or. Rev. Stat. §677.510(2)(a)","https://www.oregonlegislature.gov/bills_laws/ors/ors677.html","","","2026-09-03","true","https://medsparadar.com/states/oregon/q/is-a-medical-director-required"
"OR","Oregon","is-an-exam-required-before-treatment","Exam before treatment","Or. Rev. Stat. §677.494(2)","https://www.oregonlegislature.gov/bills_laws/ors/ors677.html","","","2026-09-03","true","https://medsparadar.com/states/oregon/q/is-an-exam-required-before-treatment"
"OR","Oregon","may-an-esthetician-perform-microneedling","Esthetician microneedling","Or. Admin. R. 817-015-0040(1), (2)(f) (Definition of Esthetics Device)","https://secure.sos.state.or.us/oard/view.action?ruleNumber=817-015-0040","","","2026-09-07","true","https://medsparadar.com/states/oregon/q/may-an-esthetician-perform-microneedling"
"OR","Oregon","what-business-structure-is-required","Structure limits","Or. Rev. Stat. §58.156(1) (Method by which professional corporation to render services)","https://www.oregonlegislature.gov/bills_laws/ors/ors058.html","","","2026-09-03","true","https://medsparadar.com/states/oregon/q/what-business-structure-is-required"
"OR","Oregon","what-can-a-med-spa-advertise","Advertising limits","Or. Rev. Stat. §677.190(4)","https://www.oregonlegislature.gov/bills_laws/ors/ors677.html","","","2026-09-03","true","https://medsparadar.com/states/oregon/q/what-can-a-med-spa-advertise"
"OR","Oregon","what-can-a-practitioner-be-disciplined-for","Grounds for discipline","Or. Rev. Stat. §677.080(2)","https://www.oregonlegislature.gov/bills_laws/ors/ors677.html","","","2026-09-03","true","https://medsparadar.com/states/oregon/q/what-can-a-practitioner-be-disciplined-for"
"OR","Oregon","what-does-it-cost-to-open","License fees","Or. Admin. R. 817-040-0003(2)(a), (c) (Fees)","https://secure.sos.state.or.us/oard/view.action?ruleNumber=817-040-0003","","","2026-09-07","true","https://medsparadar.com/states/oregon/q/what-does-it-cost-to-open"
"OR","Oregon","what-happens-if-you-practice-without-a-license","Unlicensed practice","Or. Rev. Stat. §677.080(4) (Prohibited acts)","https://www.oregonlegislature.gov/bills_laws/ors/ors677.html","","","2026-09-03","true","https://medsparadar.com/states/oregon/q/what-happens-if-you-practice-without-a-license"
"OR","Oregon","who-enforces-deceptive-med-spa-marketing","Marketing enforcement","Or. Rev. Stat. §677.330(1)","https://www.oregonlegislature.gov/bills_laws/ors/ors677.html","","","2026-09-08","true","https://medsparadar.com/states/oregon/q/who-enforces-deceptive-med-spa-marketing"
"OR","Oregon","who-may-operate-a-cosmetic-laser","Laser & energy devices","Or. Admin. R. 817-015-0040(4)-(5) (Definition of Esthetics Device)","https://secure.sos.state.or.us/oard/view.action?ruleNumber=817-015-0040","","","2026-09-07","true","https://medsparadar.com/states/oregon/q/who-may-operate-a-cosmetic-laser"
"PA","Pennsylvania","can-a-med-spa-offer-compounded-glp-1","Compounded GLP-1","49 Pa. Code § 27.602(2)","https://www.pacodeandbulletin.gov/Display/pacode?file=/secure/pacode/data/049/chapter27/chap27toc.html","https://www.law.cornell.edu/regulations/pennsylvania/49-Pa-Code-SS-27-602","Cornell Legal Information Institute","2026-09-02","true","https://medsparadar.com/states/pennsylvania/q/can-a-med-spa-offer-compounded-glp-1"
"PA","Pennsylvania","can-a-medical-assistant-inject","Medical assistants","49 Pa. Code §16.61","https://www.pacodeandbulletin.gov/Display/pacode?file=/secure/pacode/data/049/chapter16/chap16toc.html","https://www.law.cornell.edu/regulations/pennsylvania/49-Pa-Code-SS-16-61","Cornell Legal Information Institute","2026-08-17","true","https://medsparadar.com/states/pennsylvania/q/can-a-medical-assistant-inject"
"PA","Pennsylvania","can-a-non-clinical-owner-take-a-percentage","Fees to a non-clinical owner","Medical Practice Act of 1985 (63 P.S. §§ 422.1–422.53), read in full","https://www.legis.state.pa.us/WU01/LI/LI/US/HTM/1985/0/0112..HTM","","","2026-09-02","true","https://medsparadar.com/states/pennsylvania/q/can-a-non-clinical-owner-take-a-percentage"
"PA","Pennsylvania","can-a-non-physician-own-a-med-spa","Non-physician ownership","49 Pa. Code §16.21","https://www.pacodeandbulletin.gov/Display/pacode?file=/secure/pacode/data/049/chapter16/chap16toc.html","https://www.law.cornell.edu/regulations/pennsylvania/49-Pa-Code-SS-16-21","Cornell Legal Information Institute","2026-08-17","true","https://medsparadar.com/states/pennsylvania/q/can-a-non-physician-own-a-med-spa"
"PA","Pennsylvania","can-a-nurse-practitioner-work-without-a-physician","NP independence","49 Pa. Code §21.283(a)","https://www.pacodeandbulletin.gov/Display/pacode?file=/secure/pacode/data/049/chapter21/chap21toc.html","https://www.law.cornell.edu/regulations/pennsylvania/49-Pa-Code-SS-21-283","Cornell Legal Information Institute","2026-08-17","true","https://medsparadar.com/states/pennsylvania/q/can-a-nurse-practitioner-work-without-a-physician"
"PA","Pennsylvania","can-a-physician-assistant-inject-or-prescribe","Physician assistants","49 Pa. Code §18.402","https://www.pacodeandbulletin.gov/Display/pacode?file=/secure/pacode/data/049/chapter18/chap18toc.html","https://www.law.cornell.edu/regulations/pennsylvania/49-Pa-Code-SS-18-402","Cornell Legal Information Institute","2026-08-17","true","https://medsparadar.com/states/pennsylvania/q/can-a-physician-assistant-inject-or-prescribe"
"PA","Pennsylvania","can-an-rn-inject-botox-or-filler","RN injecting","49 Pa. Code §21.283(a)","https://www.pacodeandbulletin.gov/Display/pacode?file=/secure/pacode/data/049/chapter21/chap21toc.html","https://www.law.cornell.edu/regulations/pennsylvania/49-Pa-Code-SS-21-283","Cornell Legal Information Institute","2026-08-17","true","https://medsparadar.com/states/pennsylvania/q/can-an-rn-inject-botox-or-filler"
"PA","Pennsylvania","can-the-exam-be-done-by-telehealth","Telehealth exams","2024 Pa. Act 42, §§ 4702, 4705 (Telemedicine — definitions; standard of care)","https://www.palegis.us/legislation/bills/text/HTM/2023/0/SB0739/PN1670","","","2026-09-08","true","https://medsparadar.com/states/pennsylvania/q/can-the-exam-be-done-by-telehealth"
"PA","Pennsylvania","can-the-state-shut-down-an-unlicensed-med-spa","Shutdown powers","Medical Practice Act of 1985 §42(a) (63 P.S. §422.42)","https://www.legis.state.pa.us/WU01/LI/LI/US/HTM/1985/0/0112..HTM","","","2026-08-17","true","https://medsparadar.com/states/pennsylvania/q/can-the-state-shut-down-an-unlicensed-med-spa"
"PA","Pennsylvania","does-a-med-spa-need-to-register","Registration & licensing","49 Pa. Code § 27.601","https://www.pacodeandbulletin.gov/Display/pacode?file=/secure/pacode/data/049/chapter27/chap27toc.html","https://www.law.cornell.edu/regulations/pennsylvania/49-Pa-Code-SS-27-601","Cornell Legal Information Institute","2026-09-02","true","https://medsparadar.com/states/pennsylvania/q/does-a-med-spa-need-to-register"
"PA","Pennsylvania","is-a-medical-director-required","Medical director required?","49 Pa. Code §18.402(a)","https://www.pacodeandbulletin.gov/Display/pacode?file=/secure/pacode/data/049/chapter18/chap18toc.html","https://www.law.cornell.edu/regulations/pennsylvania/49-Pa-Code-SS-18-402","Cornell Legal Information Institute","2026-08-17","true","https://medsparadar.com/states/pennsylvania/q/is-a-medical-director-required"
"PA","Pennsylvania","is-an-exam-required-before-treatment","Exam before treatment","49 Pa. Code §18.402(b)","https://www.pacodeandbulletin.gov/Display/pacode?file=/secure/pacode/data/049/chapter18/chap18toc.html","https://www.law.cornell.edu/regulations/pennsylvania/49-Pa-Code-SS-18-402","Cornell Legal Information Institute","2026-08-17","true","https://medsparadar.com/states/pennsylvania/q/is-an-exam-required-before-treatment"
"PA","Pennsylvania","may-an-esthetician-perform-microneedling","Esthetician microneedling","49 Pa. Code § 7.1 (definition of “Esthetics”)","https://www.pacodeandbulletin.gov/Display/pacode?file=/secure/pacode/data/049/chapter7/chap7toc.html","https://www.law.cornell.edu/regulations/pennsylvania/49-Pa-Code-SS-7-1","Cornell Legal Information Institute","2026-09-02","true","https://medsparadar.com/states/pennsylvania/q/may-an-esthetician-perform-microneedling"
"PA","Pennsylvania","what-business-structure-is-required","Structure limits","49 Pa. Code §16.21","https://www.pacodeandbulletin.gov/Display/pacode?file=/secure/pacode/data/049/chapter16/chap16toc.html","https://www.law.cornell.edu/regulations/pennsylvania/49-Pa-Code-SS-16-21","Cornell Legal Information Institute","2026-08-17","true","https://medsparadar.com/states/pennsylvania/q/what-business-structure-is-required"
"PA","Pennsylvania","what-can-a-med-spa-advertise","Advertising limits","49 Pa. Code §16.61","https://www.pacodeandbulletin.gov/Display/pacode?file=/secure/pacode/data/049/chapter16/chap16toc.html","https://www.law.cornell.edu/regulations/pennsylvania/49-Pa-Code-SS-16-61","Cornell Legal Information Institute","2026-08-17","true","https://medsparadar.com/states/pennsylvania/q/what-can-a-med-spa-advertise"
"PA","Pennsylvania","what-can-a-practitioner-be-disciplined-for","Grounds for discipline","49 Pa. Code §16.61","https://www.pacodeandbulletin.gov/Display/pacode?file=/secure/pacode/data/049/chapter16/chap16toc.html","https://www.law.cornell.edu/regulations/pennsylvania/49-Pa-Code-SS-16-61","Cornell Legal Information Institute","2026-08-17","true","https://medsparadar.com/states/pennsylvania/q/what-can-a-practitioner-be-disciplined-for"
"PA","Pennsylvania","what-does-it-cost-to-open","License fees","49 Pa. Code § 7.2(a), (b), (c)","https://www.pacodeandbulletin.gov/Display/pacode?file=/secure/pacode/data/049/chapter7/chap7toc.html","https://www.law.cornell.edu/regulations/pennsylvania/49-Pa-Code-SS-7-2","Cornell Legal Information Institute","2026-09-02","true","https://medsparadar.com/states/pennsylvania/q/what-does-it-cost-to-open"
"PA","Pennsylvania","what-happens-if-you-practice-without-a-license","Unlicensed practice","Medical Practice Act of 1985 §39(a) (63 P.S. §422.39)","https://www.legis.state.pa.us/WU01/LI/LI/US/HTM/1985/0/0112..HTM","","","2026-08-17","true","https://medsparadar.com/states/pennsylvania/q/what-happens-if-you-practice-without-a-license"
"PA","Pennsylvania","what-must-be-reported-to-the-board","Reporting duties","49 Pa. Code §21.285","https://www.pacodeandbulletin.gov/Display/pacode?file=/secure/pacode/data/049/chapter21/chap21toc.html","https://www.law.cornell.edu/regulations/pennsylvania/49-Pa-Code-SS-21-285","Cornell Legal Information Institute","2026-08-17","true","https://medsparadar.com/states/pennsylvania/q/what-must-be-reported-to-the-board"
"PA","Pennsylvania","what-must-the-supervising-physician-do","Supervising physician duties","49 Pa. Code §18.402","https://www.pacodeandbulletin.gov/Display/pacode?file=/secure/pacode/data/049/chapter18/chap18toc.html","https://www.law.cornell.edu/regulations/pennsylvania/49-Pa-Code-SS-18-402","Cornell Legal Information Institute","2026-08-17","true","https://medsparadar.com/states/pennsylvania/q/what-must-the-supervising-physician-do"
"PA","Pennsylvania","who-enforces-deceptive-med-spa-marketing","Marketing enforcement","Unfair Trade Practices and Consumer Protection Law §§4, 8 (73 P.S. §§201-4, 201-8)","https://www.legis.state.pa.us/WU01/LI/LI/US/HTM/1968/0/0387..HTM","","","2026-08-17","true","https://medsparadar.com/states/pennsylvania/q/who-enforces-deceptive-med-spa-marketing"
"PA","Pennsylvania","who-may-perform-the-pre-treatment-exam","Who performs the exam","49 Pa. Code §18.402(b)","https://www.pacodeandbulletin.gov/Display/pacode?file=/secure/pacode/data/049/chapter18/chap18toc.html","https://www.law.cornell.edu/regulations/pennsylvania/49-Pa-Code-SS-18-402","Cornell Legal Information Institute","2026-08-17","true","https://medsparadar.com/states/pennsylvania/q/who-may-perform-the-pre-treatment-exam"
"RI","Rhode Island","can-a-med-spa-offer-compounded-glp-1","Compounded GLP-1","R.I. Gen. Laws § 5-19.1-2 (compounding is NOT copies of a commercially available product)","http://webserver.rilegislature.gov/Statutes/TITLE5/5-19.1/5-19.1-2.HTM","","","2026-09-06","true","https://medsparadar.com/states/rhode-island/q/can-a-med-spa-offer-compounded-glp-1"
"RI","Rhode Island","can-a-medical-assistant-inject","Medical assistants","R.I. Gen. Laws §5-37-5.1(15)","http://webserver.rilegislature.gov/Statutes/TITLE5/5-37/5-37-5.1.HTM","","","2026-09-03","true","https://medsparadar.com/states/rhode-island/q/can-a-medical-assistant-inject"
"RI","Rhode Island","can-a-non-clinical-owner-take-a-percentage","Fees to a non-clinical owner","R.I. Gen. Laws §5-37-5.1(12)","http://webserver.rilegislature.gov/Statutes/TITLE5/5-37/5-37-5.1.HTM","","","2026-09-03","true","https://medsparadar.com/states/rhode-island/q/can-a-non-clinical-owner-take-a-percentage"
"RI","Rhode Island","can-a-non-physician-own-a-med-spa","Non-physician ownership","R.I. Gen. Laws §7-5.1-3(a)","http://webserver.rilegislature.gov/Statutes/TITLE7/7-5.1/7-5.1-3.HTM","","","2026-09-03","true","https://medsparadar.com/states/rhode-island/q/can-a-non-physician-own-a-med-spa"
"RI","Rhode Island","can-a-nurse-practitioner-work-without-a-physician","NP independence","R.I. Gen. Laws §5-34-3(1)","http://webserver.rilegislature.gov/Statutes/TITLE5/5-34/5-34-3.HTM","","","2026-09-03","true","https://medsparadar.com/states/rhode-island/q/can-a-nurse-practitioner-work-without-a-physician"
"RI","Rhode Island","can-a-physician-assistant-inject-or-prescribe","Physician assistants","R.I. Gen. Laws §5-54-8(a)","http://webserver.rilegislature.gov/Statutes/TITLE5/5-54/5-54-8.HTM","","","2026-09-03","true","https://medsparadar.com/states/rhode-island/q/can-a-physician-assistant-inject-or-prescribe"
"RI","Rhode Island","can-an-rn-inject-botox-or-filler","RN injecting","R.I. Gen. Laws §5-34-3(2)","http://webserver.rilegislature.gov/Statutes/TITLE5/5-34/5-34-3.HTM","","","2026-09-03","true","https://medsparadar.com/states/rhode-island/q/can-an-rn-inject-botox-or-filler"
"RI","Rhode Island","can-the-exam-be-done-by-telehealth","Telehealth exams","216-RICR-40-05-1 § 1.5.9(H)(2) (Licensure and Discipline of Physicians — telemedicine standard of care)","https://rules.sos.ri.gov/regulations/part/216-40-05-1","","","2026-09-08","true","https://medsparadar.com/states/rhode-island/q/can-the-exam-be-done-by-telehealth"
"RI","Rhode Island","can-the-state-shut-down-an-unlicensed-med-spa","Shutdown powers","R.I. Gen. Laws §5-37-6.3","http://webserver.rilegislature.gov/Statutes/TITLE5/5-37/5-37-6.3.HTM","","","2026-09-08","true","https://medsparadar.com/states/rhode-island/q/can-the-state-shut-down-an-unlicensed-med-spa"
"RI","Rhode Island","does-a-med-spa-need-to-register","Registration & licensing","R.I. Gen. Laws § 5-19.1-2 (compounding is NOT copies of a commercially available product)","http://webserver.rilegislature.gov/Statutes/TITLE5/5-19.1/5-19.1-2.HTM","","","2026-09-06","true","https://medsparadar.com/states/rhode-island/q/does-a-med-spa-need-to-register"
"RI","Rhode Island","is-a-medical-director-required","Medical director required?","R.I. Gen. Laws §5-37-1(a)(22)","http://webserver.rilegislature.gov/Statutes/TITLE5/5-37/5-37-1.HTM","","","2026-09-03","true","https://medsparadar.com/states/rhode-island/q/is-a-medical-director-required"
"RI","Rhode Island","is-an-exam-required-before-treatment","Exam before treatment","R.I. Gen. Laws §5-37-5.1(19)","http://webserver.rilegislature.gov/Statutes/TITLE5/5-37/5-37-5.1.HTM","","","2026-09-03","true","https://medsparadar.com/states/rhode-island/q/is-an-exam-required-before-treatment"
"RI","Rhode Island","may-an-esthetician-perform-microneedling","Esthetician microneedling","R.I. Gen. Laws §5-10-1(8)","http://webserver.rilegislature.gov/Statutes/TITLE5/5-10/5-10-1.HTM","","","2026-09-03","true","https://medsparadar.com/states/rhode-island/q/may-an-esthetician-perform-microneedling"
"RI","Rhode Island","what-business-structure-is-required","Structure limits","R.I. Gen. Laws §7-5.1-3(a)","http://webserver.rilegislature.gov/Statutes/TITLE7/7-5.1/7-5.1-3.HTM","","","2026-09-03","true","https://medsparadar.com/states/rhode-island/q/what-business-structure-is-required"
"RI","Rhode Island","what-can-a-med-spa-advertise","Advertising limits","R.I. Gen. Laws §5-37-5.1(2)","http://webserver.rilegislature.gov/Statutes/TITLE5/5-37/5-37-5.1.HTM","","","2026-09-03","true","https://medsparadar.com/states/rhode-island/q/what-can-a-med-spa-advertise"
"RI","Rhode Island","what-can-a-practitioner-be-disciplined-for","Grounds for discipline","R.I. Gen. Laws §5-37-5.1","http://webserver.rilegislature.gov/Statutes/TITLE5/5-37/5-37-5.1.HTM","","","2026-09-03","true","https://medsparadar.com/states/rhode-island/q/what-can-a-practitioner-be-disciplined-for"
"RI","Rhode Island","what-does-it-cost-to-open","License fees","R.I. Gen. Laws § 23-1-54 (Fees payable to the department of health — barbers/hairdressers, shop license)","http://webserver.rilegislature.gov/Statutes/TITLE23/23-1/23-1-54.HTM","","","2026-09-07","true","https://medsparadar.com/states/rhode-island/q/what-does-it-cost-to-open"
"RI","Rhode Island","what-happens-if-you-practice-without-a-license","Unlicensed practice","R.I. Gen. Laws §5-37-12","http://webserver.rilegislature.gov/Statutes/TITLE5/5-37/5-37-12.HTM","","","2026-09-03","true","https://medsparadar.com/states/rhode-island/q/what-happens-if-you-practice-without-a-license"
"RI","Rhode Island","who-enforces-deceptive-med-spa-marketing","Marketing enforcement","R.I. Gen. Laws §6-13.1-5(a)","http://webserver.rilegislature.gov/Statutes/TITLE6/6-13.1/6-13.1-5.HTM","","","2026-09-08","true","https://medsparadar.com/states/rhode-island/q/who-enforces-deceptive-med-spa-marketing"
"RI","Rhode Island","who-may-operate-a-cosmetic-laser","Laser & energy devices","216-RICR-40-05-1 § 1.2(A)(18), (22) (Licensure and Discipline of Physicians — “Non-ablative treatment” and “Practice of medicine” defined)","https://rules.sos.ri.gov/regulations/part/216-40-05-1","","","2026-09-08","true","https://medsparadar.com/states/rhode-island/q/who-may-operate-a-cosmetic-laser"
"SC","South Carolina","can-a-med-spa-offer-compounded-glp-1","Compounded GLP-1","S.C. Code §40-43-30(39) (definition of “Outsourcing facility” — added by 2024 Act No. 132, the supply route for non-patient-specific compounded stock)","https://www.scstatehouse.gov/code/t40c043.php","","","2026-09-07","true","https://medsparadar.com/states/south-carolina/q/can-a-med-spa-offer-compounded-glp-1"
"SC","South Carolina","can-a-medical-assistant-inject","Medical assistants","S.C. Code §40-47-110(B)(7)","https://www.scstatehouse.gov/code/t40c047.php","","","2026-09-03","true","https://medsparadar.com/states/south-carolina/q/can-a-medical-assistant-inject"
"SC","South Carolina","can-a-non-clinical-owner-take-a-percentage","Fees to a non-clinical owner","S.C. Code §40-47-110(B) (surveyed), §40-47-20 (surveyed), S.C. Code Title 33 ch. 19 (surveyed), S.C. Code Title 40 ch. 13 (surveyed)","https://www.scstatehouse.gov/code/t40c047.php","","","2026-09-07","true","https://medsparadar.com/states/south-carolina/q/can-a-non-clinical-owner-take-a-percentage"
"SC","South Carolina","can-a-non-physician-own-a-med-spa","Non-physician ownership","S.C. Code §33-19-200(a)","https://www.scstatehouse.gov/code/t33c019.php","","","2026-09-03","true","https://medsparadar.com/states/south-carolina/q/can-a-non-physician-own-a-med-spa"
"SC","South Carolina","can-a-nurse-practitioner-work-without-a-physician","NP independence","S.C. Code §40-33-20 (advanced practice registered nurse)","https://www.scstatehouse.gov/code/t40c033.php","","","2026-09-03","true","https://medsparadar.com/states/south-carolina/q/can-a-nurse-practitioner-work-without-a-physician"
"SC","South Carolina","can-a-physician-assistant-inject-or-prescribe","Physician assistants","S.C. Code §40-47-955(A)–(B)","https://www.scstatehouse.gov/code/t40c047.php","","","2026-09-08","true","https://medsparadar.com/states/south-carolina/q/can-a-physician-assistant-inject-or-prescribe"
"SC","South Carolina","can-an-rn-inject-botox-or-filler","RN injecting","S.C. Code §40-33-20(45) (“Practice agreement” defined)","https://www.scstatehouse.gov/code/t40c033.php","","","2026-09-03","true","https://medsparadar.com/states/south-carolina/q/can-an-rn-inject-botox-or-filler"
"SC","South Carolina","can-the-exam-be-done-by-telehealth","Telehealth exams","S.C. Code §40-47-37(A)(1)","https://www.scstatehouse.gov/code/t40c047.php","","","2026-09-03","true","https://medsparadar.com/states/south-carolina/q/can-the-exam-be-done-by-telehealth"
"SC","South Carolina","can-the-state-shut-down-an-unlicensed-med-spa","Shutdown powers","S.C. Code §40-47-110(A)","https://www.scstatehouse.gov/code/t40c047.php","","","2026-09-03","true","https://medsparadar.com/states/south-carolina/q/can-the-state-shut-down-an-unlicensed-med-spa"
"SC","South Carolina","does-a-med-spa-need-to-register","Registration & licensing","S.C. Code §40-13-5 (Application of chapter)","https://www.scstatehouse.gov/code/t40c013.php","","","2026-09-03","true","https://medsparadar.com/states/south-carolina/q/does-a-med-spa-need-to-register"
"SC","South Carolina","is-a-medical-director-required","Medical director required?","S.C. Code §40-47-110(B)(7)","https://www.scstatehouse.gov/code/t40c047.php","","","2026-09-03","true","https://medsparadar.com/states/south-carolina/q/is-a-medical-director-required"
"SC","South Carolina","is-an-exam-required-before-treatment","Exam before treatment","S.C. Code §40-47-110(B)(17)","https://www.scstatehouse.gov/code/t40c047.php","","","2026-09-03","true","https://medsparadar.com/states/south-carolina/q/is-an-exam-required-before-treatment"
"SC","South Carolina","may-an-esthetician-perform-microneedling","Esthetician microneedling","S.C. Code §40-13-20(5) (definition of “Esthetician” — skin care for the SOLE PURPOSE of beautifying the skin)","https://www.scstatehouse.gov/code/t40c013.php","","","2026-09-07","true","https://medsparadar.com/states/south-carolina/q/may-an-esthetician-perform-microneedling"
"SC","South Carolina","must-someone-be-on-site-during-treatment","On-site presence","S.C. Code §40-47-196(B)(1)–(3)","https://www.scstatehouse.gov/code/t40c047.php","","","2026-09-08","true","https://medsparadar.com/states/south-carolina/q/must-someone-be-on-site-during-treatment"
"SC","South Carolina","what-business-structure-is-required","Structure limits","S.C. Code §33-19-200(a)","https://www.scstatehouse.gov/code/t33c019.php","","","2026-09-03","true","https://medsparadar.com/states/south-carolina/q/what-business-structure-is-required"
"SC","South Carolina","what-can-a-med-spa-advertise","Advertising limits","S.C. Code §40-47-110(B)(9)","https://www.scstatehouse.gov/code/t40c047.php","","","2026-09-03","true","https://medsparadar.com/states/south-carolina/q/what-can-a-med-spa-advertise"
"SC","South Carolina","what-can-a-practitioner-be-disciplined-for","Grounds for discipline","S.C. Code §40-47-110(B)(1)","https://www.scstatehouse.gov/code/t40c047.php","","","2026-09-03","true","https://medsparadar.com/states/south-carolina/q/what-can-a-practitioner-be-disciplined-for"
"SC","South Carolina","what-does-it-cost-to-open","License fees","South Carolina Board of Cosmetology — Fees (LLR published schedule)","https://llr.sc.gov/cosmo/fees.aspx","","","2026-09-07","true","https://medsparadar.com/states/south-carolina/q/what-does-it-cost-to-open"
"SC","South Carolina","what-happens-if-you-practice-without-a-license","Unlicensed practice","S.C. Code §40-47-200","https://www.scstatehouse.gov/code/t40c047.php","","","2026-09-08","true","https://medsparadar.com/states/south-carolina/q/what-happens-if-you-practice-without-a-license"
"SC","South Carolina","what-must-the-supervising-physician-do","Supervising physician duties","S.C. Code §40-47-20(12), (18)","https://www.scstatehouse.gov/code/t40c047.php","","","2026-09-08","true","https://medsparadar.com/states/south-carolina/q/what-must-the-supervising-physician-do"
"SC","South Carolina","who-enforces-deceptive-med-spa-marketing","Marketing enforcement","S.C. Code §39-5-50(a)","https://www.scstatehouse.gov/code/t39c005.php","","","2026-09-08","true","https://medsparadar.com/states/south-carolina/q/who-enforces-deceptive-med-spa-marketing"
"SC","South Carolina","who-may-operate-a-cosmetic-laser","Laser & energy devices","S.C. Code §40-47-196(A)","https://www.scstatehouse.gov/code/t40c047.php","","","2026-09-08","true","https://medsparadar.com/states/south-carolina/q/who-may-operate-a-cosmetic-laser"
"SD","South Dakota","can-a-med-spa-offer-compounded-glp-1","Compounded GLP-1","S.D. Codified Laws § 36-11-2(4) (definition of “Compounding” — and the limb that forbids sale)","https://sdlegislature.gov/api/Statutes/Statute/36-11-2","","","2026-09-06","true","https://medsparadar.com/states/south-dakota/q/can-a-med-spa-offer-compounded-glp-1"
"SD","South Dakota","can-a-non-clinical-owner-take-a-percentage","Fees to a non-clinical owner","S.D. Codified Laws §36-4-30(10) (Acts considered unprofessional conduct — splitting fees)","https://sdlegislature.gov/api/Statutes/Statute/36-4-30","","","2026-09-07","true","https://medsparadar.com/states/south-dakota/q/can-a-non-clinical-owner-take-a-percentage"
"SD","South Dakota","can-a-non-physician-own-a-med-spa","Non-physician ownership","S.D. Codified Laws §47-11-3","https://sdlegislature.gov/api/Statutes/Statute/47-11-3","","","2026-09-03","true","https://medsparadar.com/states/south-dakota/q/can-a-non-physician-own-a-med-spa"
"SD","South Dakota","can-a-nurse-practitioner-work-without-a-physician","NP independence","S.D. Codified Laws §36-9A-12","https://sdlegislature.gov/api/Statutes/Statute/36-9A-12","","","2026-09-03","true","https://medsparadar.com/states/south-dakota/q/can-a-nurse-practitioner-work-without-a-physician"
"SD","South Dakota","can-a-physician-assistant-inject-or-prescribe","Physician assistants","S.D. Codified Laws §36-4A-26.1","https://sdlegislature.gov/api/Statutes/Statute/36-4A-26.1","","","2026-09-03","true","https://medsparadar.com/states/south-dakota/q/can-a-physician-assistant-inject-or-prescribe"
"SD","South Dakota","can-an-rn-inject-botox-or-filler","RN injecting","S.D. Codified Laws §36-9A-12","https://sdlegislature.gov/api/Statutes/Statute/36-9A-12","","","2026-09-03","true","https://medsparadar.com/states/south-dakota/q/can-an-rn-inject-botox-or-filler"
"SD","South Dakota","can-the-exam-be-done-by-telehealth","Telehealth exams","S.D. Codified Laws §34-52-2","https://sdlegislature.gov/api/Statutes/Statute/34-52-2","","","2026-09-03","true","https://medsparadar.com/states/south-dakota/q/can-the-exam-be-done-by-telehealth"
"SD","South Dakota","can-the-state-shut-down-an-unlicensed-med-spa","Shutdown powers","S.D. Codified Laws §36-4-29","https://sdlegislature.gov/api/Statutes/Statute/36-4-29","","","2026-09-03","true","https://medsparadar.com/states/south-dakota/q/can-the-state-shut-down-an-unlicensed-med-spa"
"SD","South Dakota","does-a-med-spa-need-to-register","Registration & licensing","S.D. Admin. R. 20:42:03:03(12)-(13) (what it costs to open — the salon license, in the Commission’s own rule)","https://sdlegislature.gov/api/Rules/20:42:03:03","","","2026-09-06","true","https://medsparadar.com/states/south-dakota/q/does-a-med-spa-need-to-register"
"SD","South Dakota","is-a-medical-director-required","Medical director required?","S.D. Codified Laws §36-15-2.2(1)","https://sdlegislature.gov/api/Statutes/Statute/36-15-2.2","","","2026-09-03","true","https://medsparadar.com/states/south-dakota/q/is-a-medical-director-required"
"SD","South Dakota","is-an-exam-required-before-treatment","Exam before treatment","S.D. Codified Laws §34-52-2","https://sdlegislature.gov/api/Statutes/Statute/34-52-2","","","2026-09-03","true","https://medsparadar.com/states/south-dakota/q/is-an-exam-required-before-treatment"
"SD","South Dakota","may-an-esthetician-perform-microneedling","Esthetician microneedling","S.D. Codified Laws §36-15-2.2(1)","https://sdlegislature.gov/api/Statutes/Statute/36-15-2.2","","","2026-09-03","true","https://medsparadar.com/states/south-dakota/q/may-an-esthetician-perform-microneedling"
"SD","South Dakota","what-business-structure-is-required","Structure limits","S.D. Codified Laws §47-11-3","https://sdlegislature.gov/api/Statutes/Statute/47-11-3","","","2026-09-03","true","https://medsparadar.com/states/south-dakota/q/what-business-structure-is-required"
"SD","South Dakota","what-can-a-med-spa-advertise","Advertising limits","S.D. Codified Laws §36-4-30(5)","https://sdlegislature.gov/api/Statutes/Statute/36-4-30","","","2026-09-03","true","https://medsparadar.com/states/south-dakota/q/what-can-a-med-spa-advertise"
"SD","South Dakota","what-can-a-practitioner-be-disciplined-for","Grounds for discipline","S.D. Codified Laws §36-4-30(5)–(7) (Acts considered unprofessional conduct)","https://sdlegislature.gov/api/Statutes/Statute/36-4-30","","","2026-09-08","true","https://medsparadar.com/states/south-dakota/q/what-can-a-practitioner-be-disciplined-for"
"SD","South Dakota","what-does-it-cost-to-open","License fees","S.D. Admin. R. 20:42:03:03(12)-(13) (what it costs to open — the salon license, in the Commission’s own rule)","https://sdlegislature.gov/api/Rules/20:42:03:03","","","2026-09-06","true","https://medsparadar.com/states/south-dakota/q/what-does-it-cost-to-open"
"SD","South Dakota","what-happens-if-you-practice-without-a-license","Unlicensed practice","S.D. Codified Laws §36-4-8","https://sdlegislature.gov/api/Statutes/Statute/36-4-8","","","2026-09-03","true","https://medsparadar.com/states/south-dakota/q/what-happens-if-you-practice-without-a-license"
"SD","South Dakota","who-enforces-deceptive-med-spa-marketing","Marketing enforcement","S.D. Codified Laws §37-24-23","https://sdlegislature.gov/api/Statutes/Statute/37-24-23","","","2026-09-08","true","https://medsparadar.com/states/south-dakota/q/who-enforces-deceptive-med-spa-marketing"
"TN","Tennessee","can-a-management-company-run-the-business-side","Management companies (MSO)","Tenn. Comp. R. & Regs. 0880-02-.20(1)(a)","https://publications.tnsosfiles.com/rules/0880/0880-02.20251113.pdf","","","2026-09-02","true","https://medsparadar.com/states/tennessee/q/can-a-management-company-run-the-business-side"
"TN","Tennessee","can-a-med-spa-offer-compounded-glp-1","Compounded GLP-1","Tenn. Comp. R. & Regs. 1140-07-.02(1); 1140-07-.04(1)","https://publications.tnsosfiles.com/rules/1140/1140-07.20240501.pdf","","","2026-09-02","true","https://medsparadar.com/states/tennessee/q/can-a-med-spa-offer-compounded-glp-1"
"TN","Tennessee","can-a-non-clinical-owner-take-a-percentage","Fees to a non-clinical owner","Tenn. Code Ann. § 63-6-214(b)(16)","https://www.lexisnexis.com/hottopics/tncode/","https://law.justia.com/codes/tennessee/title-63/chapter-6/part-2/section-63-6-214/","Justia Law","2026-09-02","true","https://medsparadar.com/states/tennessee/q/can-a-non-clinical-owner-take-a-percentage"
"TN","Tennessee","can-a-non-physician-own-a-med-spa","Non-physician ownership","Tenn. Comp. R. & Regs. 0880-02-.20(1)(b)","https://publications.tnsosfiles.com/rules/0880/0880-02.20251113.pdf","","","2026-09-02","true","https://medsparadar.com/states/tennessee/q/can-a-non-physician-own-a-med-spa"
"TN","Tennessee","can-a-nurse-practitioner-work-without-a-physician","NP independence","Tenn. Comp. R. & Regs. 0880-02-.14(12), referring to 0880-02-.18(1) and 0880-06-.02(1)","https://publications.tnsosfiles.com/rules/0880/0880-02.20251113.pdf","","","2026-09-02","true","https://medsparadar.com/states/tennessee/q/can-a-nurse-practitioner-work-without-a-physician"
"TN","Tennessee","can-a-physician-assistant-inject-or-prescribe","Physician assistants","Tenn. Comp. R. & Regs. 0880-02-.18(1) and (2)","https://publications.tnsosfiles.com/rules/0880/0880-02.20251113.pdf","","","2026-09-02","true","https://medsparadar.com/states/tennessee/q/can-a-physician-assistant-inject-or-prescribe"
"TN","Tennessee","can-an-rn-inject-botox-or-filler","RN injecting","Tenn. Comp. R. & Regs. 0880-02-.14(12), referring to 0880-02-.18(1) and 0880-06-.02(1)","https://publications.tnsosfiles.com/rules/0880/0880-02.20251113.pdf","","","2026-09-02","true","https://medsparadar.com/states/tennessee/q/can-an-rn-inject-botox-or-filler"
"TN","Tennessee","can-private-equity-invest-in-a-med-spa","Private-equity investment","Tenn. Comp. R. & Regs. 0880-02-.20(1)(b)2.(ii)","https://publications.tnsosfiles.com/rules/0880/0880-02.20251113.pdf","","","2026-09-02","true","https://medsparadar.com/states/tennessee/q/can-private-equity-invest-in-a-med-spa"
"TN","Tennessee","can-the-exam-be-done-by-telehealth","Telehealth exams","Tenn. Comp. R. & Regs. 0880-02-.16 (scope)","https://publications.tnsosfiles.com/rules/0880/0880-02.20251113.pdf","","","2026-09-02","true","https://medsparadar.com/states/tennessee/q/can-the-exam-be-done-by-telehealth"
"TN","Tennessee","can-the-state-shut-down-an-unlicensed-med-spa","Shutdown powers","Tenn. Comp. R. & Regs. 0880-02-.12 (Licensure discipline and civil penalties — revocation)","https://publications.tnsosfiles.com/rules/0880/0880-02.20251113.pdf","","","2026-09-08","true","https://medsparadar.com/states/tennessee/q/can-the-state-shut-down-an-unlicensed-med-spa"
"TN","Tennessee","does-a-med-spa-need-to-register","Registration & licensing","Tenn. Comp. R. & Regs. 1140-07-.02(1); 1140-07-.04(1)","https://publications.tnsosfiles.com/rules/1140/1140-07.20240501.pdf","","","2026-09-02","true","https://medsparadar.com/states/tennessee/q/does-a-med-spa-need-to-register"
"TN","Tennessee","is-a-medical-director-required","Medical director required?","Tenn. Comp. R. & Regs. 0880-02-.24(1)(a)–(f)","https://publications.tnsosfiles.com/rules/0880/0880-02.20251113.pdf","","","2026-09-02","true","https://medsparadar.com/states/tennessee/q/is-a-medical-director-required"
"TN","Tennessee","is-an-exam-required-before-treatment","Exam before treatment","Tenn. Comp. R. & Regs. 0880-02-.16 (scope)","https://publications.tnsosfiles.com/rules/0880/0880-02.20251113.pdf","","","2026-09-02","true","https://medsparadar.com/states/tennessee/q/is-an-exam-required-before-treatment"
"TN","Tennessee","may-an-esthetician-perform-microneedling","Esthetician microneedling","Tenn. Comp. R. & Regs. 0440-02-.16 (rev. Dec 2025)","https://publications.tnsosfiles.com/rules/0440/0440-02.20251224.pdf","","","2026-08-29","true","https://medsparadar.com/states/tennessee/q/may-an-esthetician-perform-microneedling"
"TN","Tennessee","must-someone-be-on-site-during-treatment","On-site presence","Tenn. Comp. R. & Regs. 0880-02-.16(1)(a)","https://publications.tnsosfiles.com/rules/0880/0880-02.20251113.pdf","","","2026-09-02","true","https://medsparadar.com/states/tennessee/q/must-someone-be-on-site-during-treatment"
"TN","Tennessee","what-business-structure-is-required","Structure limits","Tenn. Comp. R. & Regs. 0880-02-.20(1)(b)","https://publications.tnsosfiles.com/rules/0880/0880-02.20251113.pdf","","","2026-09-02","true","https://medsparadar.com/states/tennessee/q/what-business-structure-is-required"
"TN","Tennessee","what-can-a-med-spa-advertise","Advertising limits","Tenn. Comp. R. & Regs. 0880-02-.13(4)(a)","https://publications.tnsosfiles.com/rules/0880/0880-02.20251113.pdf","","","2026-09-02","true","https://medsparadar.com/states/tennessee/q/what-can-a-med-spa-advertise"
"TN","Tennessee","what-can-a-practitioner-be-disciplined-for","Grounds for discipline","Tenn. Comp. R. & Regs. 0880-02-.24(5)","https://publications.tnsosfiles.com/rules/0880/0880-02.20251113.pdf","","","2026-09-02","true","https://medsparadar.com/states/tennessee/q/what-can-a-practitioner-be-disciplined-for"
"TN","Tennessee","what-does-it-cost-to-open","License fees","Tenn. Comp. R. & Regs. 0880-02-.24(1)","https://publications.tnsosfiles.com/rules/0880/0880-02.20251113.pdf","","","2026-09-02","true","https://medsparadar.com/states/tennessee/q/what-does-it-cost-to-open"
"TN","Tennessee","what-happens-if-you-practice-without-a-license","Unlicensed practice","Tenn. Comp. R. & Regs. 0880-02-.12(4) (Civil penalties — schedule and amounts)","https://publications.tnsosfiles.com/rules/0880/0880-02.20251113.pdf","","","2026-09-08","true","https://medsparadar.com/states/tennessee/q/what-happens-if-you-practice-without-a-license"
"TN","Tennessee","what-must-the-supervising-physician-do","Supervising physician duties","Tenn. Comp. R. & Regs. 0880-02-.18(5)","https://publications.tnsosfiles.com/rules/0880/0880-02.20251113.pdf","","","2026-09-02","true","https://medsparadar.com/states/tennessee/q/what-must-the-supervising-physician-do"
"TN","Tennessee","who-may-operate-a-cosmetic-laser","Laser & energy devices","Tenn. Comp. R. & Regs. 0880-02-.14(10)","https://publications.tnsosfiles.com/rules/0880/0880-02.20251113.pdf","","","2026-09-02","true","https://medsparadar.com/states/tennessee/q/who-may-operate-a-cosmetic-laser"
"TN","Tennessee","who-must-be-the-responsible-practitioner","Responsible practitioner","Tenn. Comp. R. & Regs. 0880-02-.24(3) and (4)","https://publications.tnsosfiles.com/rules/0880/0880-02.20251113.pdf","","","2026-09-02","true","https://medsparadar.com/states/tennessee/q/who-must-be-the-responsible-practitioner"
"TX","Texas","can-a-management-company-run-the-business-side","Management companies (MSO)","Tex. Occ. Code §162.0021","https://tcss.legis.texas.gov/resources/OC/htm/OC.162.htm","","","2026-07-26","true","https://medsparadar.com/states/texas/q/can-a-management-company-run-the-business-side"
"TX","Texas","can-a-med-spa-offer-compounded-glp-1","Compounded GLP-1","Tex. Occ. Code § 562.152","https://tcss.legis.texas.gov/resources/OC/htm/OC.562.htm","","","2026-09-02","true","https://medsparadar.com/states/texas/q/can-a-med-spa-offer-compounded-glp-1"
"TX","Texas","can-a-medical-assistant-inject","Medical assistants","Texas BON Position Statement 15.3 (LVNs engaging in intravenous therapy — elective IV hydration after HB 3749)","https://www.bon.texas.gov/pdfs/practice_dept_pdfs/position_statements_pdfs/BON%20Position%20Statements%202026.pdf","","","2026-09-08","true","https://medsparadar.com/states/texas/q/can-a-medical-assistant-inject"
"TX","Texas","can-a-non-clinical-owner-take-a-percentage","Fees to a non-clinical owner","Tex. Occ. Code § 102.001(a)","https://tcss.legis.texas.gov/resources/OC/htm/OC.102.htm","","","2026-09-02","true","https://medsparadar.com/states/texas/q/can-a-non-clinical-owner-take-a-percentage"
"TX","Texas","can-a-non-physician-own-a-med-spa","Non-physician ownership","Tex. Occ. Code § 102.001(a)","https://tcss.legis.texas.gov/resources/OC/htm/OC.102.htm","","","2026-09-02","true","https://medsparadar.com/states/texas/q/can-a-non-physician-own-a-med-spa"
"TX","Texas","can-a-nurse-practitioner-work-without-a-physician","NP independence","Texas BON Position Statement 15.18 (Nurses Carrying out Orders from Advanced Practice Registered Nurses)","https://www.bon.texas.gov/pdfs/practice_dept_pdfs/position_statements_pdfs/BON%20Position%20Statements%202026.pdf","","","2026-09-08","true","https://medsparadar.com/states/texas/q/can-a-nurse-practitioner-work-without-a-physician"
"TX","Texas","can-a-physician-assistant-inject-or-prescribe","Physician assistants","Tex. Occ. Code § 204.202(a)-(b), (e) (Scope of practice)","https://tcss.legis.texas.gov/resources/OC/htm/OC.204.htm","","","2026-09-08","true","https://medsparadar.com/states/texas/q/can-a-physician-assistant-inject-or-prescribe"
"TX","Texas","can-an-rn-inject-botox-or-filler","RN injecting","Tex. BON Position Statement 15.11","https://www.bon.texas.gov/pdfs/practice_dept_pdfs/position_statements_pdfs/BON%20Position%20Statements%202026.pdf","","","2026-07-26","true","https://medsparadar.com/states/texas/q/can-an-rn-inject-botox-or-filler"
"TX","Texas","can-the-exam-be-done-by-telehealth","Telehealth exams","Tex. Occ. Code §111.005(a)","https://tcss.legis.texas.gov/resources/OC/htm/OC.111.htm","","","2026-09-08","true","https://medsparadar.com/states/texas/q/can-the-exam-be-done-by-telehealth"
"TX","Texas","can-the-state-shut-down-an-unlicensed-med-spa","Shutdown powers","Tex. Occ. Code §165.052","https://tcss.legis.texas.gov/resources/OC/htm/OC.165.htm","","","2026-07-26","true","https://medsparadar.com/states/texas/q/can-the-state-shut-down-an-unlicensed-med-spa"
"TX","Texas","does-a-med-spa-need-to-register","Registration & licensing","Tex. Occ. Code § 562.152","https://tcss.legis.texas.gov/resources/OC/htm/OC.562.htm","","","2026-09-02","true","https://medsparadar.com/states/texas/q/does-a-med-spa-need-to-register"
"TX","Texas","is-a-medical-director-required","Medical director required?","Tex. Occ. Code §157.001","https://tcss.legis.texas.gov/resources/OC/htm/OC.157.htm","","","2026-07-26","true","https://medsparadar.com/states/texas/q/is-a-medical-director-required"
"TX","Texas","is-an-exam-required-before-treatment","Exam before treatment","22 TAC §169.26","https://texas-sos.appianportalsgov.com/rules-and-meetings?interface=VIEW_TAC&title=22&part=9&chapter=169","https://www.law.cornell.edu/regulations/texas/22-Tex-Admin-Code-SS-169-26","Cornell Legal Information Institute","2026-07-26","true","https://medsparadar.com/states/texas/q/is-an-exam-required-before-treatment"
"TX","Texas","may-an-esthetician-perform-microneedling","Esthetician microneedling","TDLR, MedSpas at a Glance, Service/Who Regulates chart (Microneedling)","https://www.tdlr.texas.gov/media/pdf/Medspas-at-a-Glance.pdf","","","2026-09-20","true","https://medsparadar.com/states/texas/q/may-an-esthetician-perform-microneedling"
"TX","Texas","must-someone-be-on-site-during-treatment","On-site presence","22 TAC §169.26","https://texas-sos.appianportalsgov.com/rules-and-meetings?interface=VIEW_TAC&title=22&part=9&chapter=169","https://www.law.cornell.edu/regulations/texas/22-Tex-Admin-Code-SS-169-26","Cornell Legal Information Institute","2026-07-26","true","https://medsparadar.com/states/texas/q/must-someone-be-on-site-during-treatment"
"TX","Texas","what-business-structure-is-required","Structure limits","Tex. Occ. Code §162.001","https://tcss.legis.texas.gov/resources/OC/htm/OC.162.htm","","","2026-07-26","true","https://medsparadar.com/states/texas/q/what-business-structure-is-required"
"TX","Texas","what-can-a-med-spa-advertise","Advertising limits","22 TAC §164.3(a)","https://texas-sos.appianportalsgov.com/rules-and-meetings?interface=VIEW_TAC&title=22&part=9&chapter=164","https://www.law.cornell.edu/regulations/texas/22-Tex-Admin-Code-SS-164-3","Cornell Legal Information Institute","2026-08-17","true","https://medsparadar.com/states/texas/q/what-can-a-med-spa-advertise"
"TX","Texas","what-can-a-practitioner-be-disciplined-for","Grounds for discipline","Tex. Occ. Code § 164.053(a)(8)-(9)","https://tcss.legis.texas.gov/resources/OC/htm/OC.164.htm","","","2026-09-08","true","https://medsparadar.com/states/texas/q/what-can-a-practitioner-be-disciplined-for"
"TX","Texas","what-does-it-cost-to-open","License fees","TDLR Barbering and Cosmetology — Fee Changes Effective 09/01/2023 (accessed 2 September 2026)","https://www.tdlr.texas.gov/barbering-and-cosmetology/feechanges.htm","","","2026-09-02","true","https://medsparadar.com/states/texas/q/what-does-it-cost-to-open"
"TX","Texas","what-happens-if-you-practice-without-a-license","Unlicensed practice","Tex. Occ. Code §165.152","https://tcss.legis.texas.gov/resources/OC/htm/OC.165.htm","","","2026-07-26","true","https://medsparadar.com/states/texas/q/what-happens-if-you-practice-without-a-license"
"TX","Texas","what-must-be-reported-to-the-board","Reporting duties","Tex. Occ. Code § 562.153","https://tcss.legis.texas.gov/resources/OC/htm/OC.562.htm","","","2026-09-02","true","https://medsparadar.com/states/texas/q/what-must-be-reported-to-the-board"
"TX","Texas","what-must-the-supervising-physician-do","Supervising physician duties","22 TAC §169.27","https://texas-sos.appianportalsgov.com/rules-and-meetings?interface=VIEW_TAC&title=22&part=9&chapter=169","https://www.law.cornell.edu/regulations/texas/22-Tex-Admin-Code-SS-169-27","Cornell Legal Information Institute","2026-07-26","true","https://medsparadar.com/states/texas/q/what-must-the-supervising-physician-do"
"TX","Texas","who-enforces-deceptive-med-spa-marketing","Marketing enforcement","Tex. Bus. & Com. Code §17.47(a)","https://tcss.legis.texas.gov/resources/BC/htm/BC.17.htm","","","2026-09-08","true","https://medsparadar.com/states/texas/q/who-enforces-deceptive-med-spa-marketing"
"TX","Texas","who-may-operate-a-cosmetic-laser","Laser & energy devices","Tex. Occ. Code §157.001","https://tcss.legis.texas.gov/resources/OC/htm/OC.157.htm","","","2026-07-26","true","https://medsparadar.com/states/texas/q/who-may-operate-a-cosmetic-laser"
"TX","Texas","who-may-perform-the-pre-treatment-exam","Who performs the exam","22 TAC §169.26","https://texas-sos.appianportalsgov.com/rules-and-meetings?interface=VIEW_TAC&title=22&part=9&chapter=169","https://www.law.cornell.edu/regulations/texas/22-Tex-Admin-Code-SS-169-26","Cornell Legal Information Institute","2026-07-26","true","https://medsparadar.com/states/texas/q/who-may-perform-the-pre-treatment-exam"
"TX","Texas","who-must-be-the-responsible-practitioner","Responsible practitioner","Tex. Health & Safety Code §401.519","https://tcss.legis.texas.gov/resources/HS/htm/HS.401.htm","","","2026-08-17","true","https://medsparadar.com/states/texas/q/who-must-be-the-responsible-practitioner"
"UT","Utah","can-a-med-spa-offer-compounded-glp-1","Compounded GLP-1","Utah Code § 58-17b-102(18)(b)(ii) (preparing a commercially available drug is NOT compounding)","https://le.utah.gov/xcode/Title58/Chapter17B/C58-17b-S102_2026050620260506.html","","","2026-09-07","true","https://medsparadar.com/states/utah/q/can-a-med-spa-offer-compounded-glp-1"
"UT","Utah","can-a-medical-assistant-inject","Medical assistants","Utah Admin. Code R156-67-305(4) (Exemptions from licensure — medical assistants)","https://adminrules.utah.gov/public/rule/R156-67/Current%20Rules","","","2026-09-04","true","https://medsparadar.com/states/utah/q/can-a-medical-assistant-inject"
"UT","Utah","can-a-non-clinical-owner-take-a-percentage","Fees to a non-clinical owner","Utah Admin. Code R156-67-502(4) (Unprofessional conduct — fees and professional entities)","https://adminrules.utah.gov/public/rule/R156-67/Current%20Rules","","","2026-09-04","true","https://medsparadar.com/states/utah/q/can-a-non-clinical-owner-take-a-percentage"
"UT","Utah","can-a-non-physician-own-a-med-spa","Non-physician ownership","Utah Code § 58-67-501(1)(c) (Unlawful conduct)","https://le.utah.gov/xcode/Title58/Chapter67/C58-67-S501_2015051220150512.html","","","2026-09-04","true","https://medsparadar.com/states/utah/q/can-a-non-physician-own-a-med-spa"
"UT","Utah","can-a-nurse-practitioner-work-without-a-physician","NP independence","Utah Admin. Code R156-31b-102(3)-(4) (Definitions)","https://adminrules.utah.gov/public/rule/R156-31b/Current%20Rules","","","2026-09-04","true","https://medsparadar.com/states/utah/q/can-a-nurse-practitioner-work-without-a-physician"
"UT","Utah","can-a-physician-assistant-inject-or-prescribe","Physician assistants","Utah Admin. Code R156-31b-102 (Definitions — who may direct an LPN)","https://adminrules.utah.gov/public/rule/R156-31b/Current%20Rules","","","2026-09-04","true","https://medsparadar.com/states/utah/q/can-a-physician-assistant-inject-or-prescribe"
"UT","Utah","can-an-rn-inject-botox-or-filler","RN injecting","Utah Admin. Code R156-31b-502(1)(c) (Unprofessional conduct)","https://adminrules.utah.gov/public/rule/R156-31b/Current%20Rules","","","2026-09-04","true","https://medsparadar.com/states/utah/q/can-an-rn-inject-botox-or-filler"
"UT","Utah","can-the-exam-be-done-by-telehealth","Telehealth exams","Utah Code § 58-1-506(3)(a) (Supervision of cosmetic medical procedures)","https://le.utah.gov/xcode/Title58/Chapter1/C58-1-S506_2026010120250507.html","","","2026-09-04","true","https://medsparadar.com/states/utah/q/can-the-exam-be-done-by-telehealth"
"UT","Utah","can-the-state-shut-down-an-unlicensed-med-spa","Shutdown powers","Utah Admin. Code R156-1 (adjudicative proceedings — formal disciplinary proceedings)","https://adminrules.utah.gov/public/rule/R156-1/Current%20Rules","","","2026-09-04","true","https://medsparadar.com/states/utah/q/can-the-state-shut-down-an-unlicensed-med-spa"
"UT","Utah","does-a-med-spa-need-to-register","Registration & licensing","Utah Code § 58-17b-102(18)(b)(ii) (preparing a commercially available drug is NOT compounding)","https://le.utah.gov/xcode/Title58/Chapter17B/C58-17b-S102_2026050620260506.html","","","2026-09-07","true","https://medsparadar.com/states/utah/q/does-a-med-spa-need-to-register"
"UT","Utah","is-a-medical-director-required","Medical director required?","Utah Code § 58-1-506(1)(a)-(b) (Supervision of cosmetic medical procedures)","https://le.utah.gov/xcode/Title58/Chapter1/C58-1-S506_2026010120250507.html","","","2026-09-04","true","https://medsparadar.com/states/utah/q/is-a-medical-director-required"
"UT","Utah","is-an-exam-required-before-treatment","Exam before treatment","Utah Code § 58-1-506(3)(a) (Supervision of cosmetic medical procedures)","https://le.utah.gov/xcode/Title58/Chapter1/C58-1-S506_2026010120250507.html","","","2026-09-04","true","https://medsparadar.com/states/utah/q/is-an-exam-required-before-treatment"
"UT","Utah","may-an-esthetician-perform-microneedling","Esthetician microneedling","Utah Code § 58-1-506(3)(b) (Supervision of cosmetic medical procedures)","https://le.utah.gov/xcode/Title58/Chapter1/C58-1-S506_2026010120250507.html","","","2026-09-04","true","https://medsparadar.com/states/utah/q/may-an-esthetician-perform-microneedling"
"UT","Utah","what-business-structure-is-required","Structure limits","Utah Code § 16-11-8 (Officer, director, or shareholder shall be licensed professional)","https://le.utah.gov/xcode/Title16/Chapter11/C16-11-S8_1800010118000101.html","","","2026-09-08","true","https://medsparadar.com/states/utah/q/what-business-structure-is-required"
"UT","Utah","what-can-a-med-spa-advertise","Advertising limits","Utah Code § 58-1-501.6(4) (Health care provider advertisements and disclosure)","https://le.utah.gov/xcode/Title58/Chapter1/C58-1-S501.6_1800010118000101.html","","","2026-09-04","true","https://medsparadar.com/states/utah/q/what-can-a-med-spa-advertise"
"UT","Utah","what-can-a-practitioner-be-disciplined-for","Grounds for discipline","Utah Code § 58-1-506(5) (Supervision of cosmetic medical procedures)","https://le.utah.gov/xcode/Title58/Chapter1/C58-1-S506_2026010120250507.html","","","2026-09-04","true","https://medsparadar.com/states/utah/q/what-can-a-practitioner-be-disciplined-for"
"UT","Utah","what-does-it-cost-to-open","License fees","Utah DOPL Fee Schedule — Esthetician; Master Esthetician; Cosmetology (published schedule)","https://commerce.utah.gov/dopl/dopl-fee-schedule/","","","2026-09-07","true","https://medsparadar.com/states/utah/q/what-does-it-cost-to-open"
"UT","Utah","what-happens-if-you-practice-without-a-license","Unlicensed practice","Utah Code § 58-1-502(1) (Unlawful and unprofessional conduct — Penalties)","https://le.utah.gov/xcode/Title58/Chapter1/C58-1-S502_2026050620260701.html","","","2026-09-08","true","https://medsparadar.com/states/utah/q/what-happens-if-you-practice-without-a-license"
"UT","Utah","what-must-the-supervising-physician-do","Supervising physician duties","Utah Admin. Code R156-11a-611(5) (Standards for Approval of Mechanical or Electrical Apparatus)","https://adminrules.utah.gov/public/rule/R156-11a/Current%20Rules","","","2026-09-03","true","https://medsparadar.com/states/utah/q/what-must-the-supervising-physician-do"
"UT","Utah","who-enforces-deceptive-med-spa-marketing","Marketing enforcement","Utah Code § 13-11a-4(1)-(3) (Truth in Advertising Act — injunctive relief, damages, corrective advertising)","https://le.utah.gov/xcode/Title13/Chapter11A/C13-11a-S4_1800010118000101.html","","","2026-09-08","true","https://medsparadar.com/states/utah/q/who-enforces-deceptive-med-spa-marketing"
"UT","Utah","who-may-operate-a-cosmetic-laser","Laser & energy devices","Utah Code § 58-1-506(1)(a)-(b) (Supervision of cosmetic medical procedures)","https://le.utah.gov/xcode/Title58/Chapter1/C58-1-S506_2026010120250507.html","","","2026-09-04","true","https://medsparadar.com/states/utah/q/who-may-operate-a-cosmetic-laser"
"VT","Vermont","can-a-med-spa-offer-compounded-glp-1","Compounded GLP-1","Vt. Stat. tit. 26, §2061(b) (Drug outlets — registration and licensure classifications)","https://legislature.vermont.gov/statutes/fullchapter/26/036","","","2026-09-07","true","https://medsparadar.com/states/vermont/q/can-a-med-spa-offer-compounded-glp-1"
"VT","Vermont","can-a-medical-assistant-inject","Medical assistants","26 V.S.A. §1584(a)(7)","https://legislature.vermont.gov/statutes/fullchapter/26/028","","","2026-09-08","true","https://medsparadar.com/states/vermont/q/can-a-medical-assistant-inject"
"VT","Vermont","can-a-non-clinical-owner-take-a-percentage","Fees to a non-clinical owner","Vt. Stat. tit. 26, §1354(a)(12)","https://legislature.vermont.gov/statutes/fullchapter/26/023","","","2026-09-07","true","https://medsparadar.com/states/vermont/q/can-a-non-clinical-owner-take-a-percentage"
"VT","Vermont","can-a-non-physician-own-a-med-spa","Non-physician ownership","Vt. Stat. tit. 11, §817(6)","https://legislature.vermont.gov/statutes/fullchapter/11/004","","","2026-09-03","true","https://medsparadar.com/states/vermont/q/can-a-non-physician-own-a-med-spa"
"VT","Vermont","can-a-nurse-practitioner-work-without-a-physician","NP independence","Vt. Stat. tit. 26, §1613(a)(1) (Transition to practice)","https://legislature.vermont.gov/statutes/fullchapter/26/028","","","2026-09-03","true","https://medsparadar.com/states/vermont/q/can-a-nurse-practitioner-work-without-a-physician"
"VT","Vermont","can-a-physician-assistant-inject-or-prescribe","Physician assistants","26 V.S.A. § 1735a(a)","https://legislature.vermont.gov/statutes/fullchapter/26/031","","","2026-09-08","true","https://medsparadar.com/states/vermont/q/can-a-physician-assistant-inject-or-prescribe"
"VT","Vermont","can-an-rn-inject-botox-or-filler","RN injecting","Vt. Stat. tit. 26, §1613(a)(1) (Transition to practice)","https://legislature.vermont.gov/statutes/fullchapter/26/028","","","2026-09-03","true","https://medsparadar.com/states/vermont/q/can-an-rn-inject-botox-or-filler"
"VT","Vermont","can-the-exam-be-done-by-telehealth","Telehealth exams","18 V.S.A. § 9361(b)","https://legislature.vermont.gov/statutes/section/18/219/09361","","","2026-09-08","true","https://medsparadar.com/states/vermont/q/can-the-exam-be-done-by-telehealth"
"VT","Vermont","can-the-state-shut-down-an-unlicensed-med-spa","Shutdown powers","Vt. Stat. tit. 26, §1318(f)","https://legislature.vermont.gov/statutes/fullchapter/26/023","","","2026-09-03","true","https://medsparadar.com/states/vermont/q/can-the-state-shut-down-an-unlicensed-med-spa"
"VT","Vermont","does-a-med-spa-need-to-register","Registration & licensing","Vt. Stat. tit. 26, §1(2) (“Cosmetology” defined)","https://legislature.vermont.gov/statutes/fullchapter/26/006","","","2026-09-03","true","https://medsparadar.com/states/vermont/q/does-a-med-spa-need-to-register"
"VT","Vermont","is-a-medical-director-required","Medical director required?","Vt. Stat. tit. 26, §1354(a)(29)","https://legislature.vermont.gov/statutes/fullchapter/26/023","","","2026-09-03","true","https://medsparadar.com/states/vermont/q/is-a-medical-director-required"
"VT","Vermont","is-an-exam-required-before-treatment","Exam before treatment","Vt. Stat. tit. 26, §1354(a)(38)","https://legislature.vermont.gov/statutes/fullchapter/26/023","","","2026-09-03","true","https://medsparadar.com/states/vermont/q/is-an-exam-required-before-treatment"
"VT","Vermont","may-an-esthetician-perform-microneedling","Esthetician microneedling","Vt. Stat. tit. 26, §1(4)(A) (“Esthetics” defined)","https://legislature.vermont.gov/statutes/fullchapter/26/006","","","2026-09-03","true","https://medsparadar.com/states/vermont/q/may-an-esthetician-perform-microneedling"
"VT","Vermont","what-business-structure-is-required","Structure limits","Vt. Stat. tit. 11, §817(7)","https://legislature.vermont.gov/statutes/fullchapter/11/004","","","2026-09-03","true","https://medsparadar.com/states/vermont/q/what-business-structure-is-required"
"VT","Vermont","what-can-a-med-spa-advertise","Advertising limits","Vt. Stat. tit. 26, §1354(a)(2)","https://legislature.vermont.gov/statutes/fullchapter/26/023","","","2026-09-03","true","https://medsparadar.com/states/vermont/q/what-can-a-med-spa-advertise"
"VT","Vermont","what-can-a-practitioner-be-disciplined-for","Grounds for discipline","Vt. Stat. tit. 26, §1354(a)(1)","https://legislature.vermont.gov/statutes/fullchapter/26/023","","","2026-09-03","true","https://medsparadar.com/states/vermont/q/what-can-a-practitioner-be-disciplined-for"
"VT","Vermont","what-does-it-cost-to-open","License fees","Vt. Stat. tit. 3, §125(b)(2)(A), (L) (Office of Professional Regulation — fees)","https://legislature.vermont.gov/statutes/fullchapter/03/005","","","2026-09-07","true","https://medsparadar.com/states/vermont/q/what-does-it-cost-to-open"
"VT","Vermont","what-happens-if-you-practice-without-a-license","Unlicensed practice","Vt. Stat. tit. 26, §1314(a) (Illegal practice)","https://legislature.vermont.gov/statutes/fullchapter/26/023","","","2026-09-03","true","https://medsparadar.com/states/vermont/q/what-happens-if-you-practice-without-a-license"
"VT","Vermont","who-enforces-deceptive-med-spa-marketing","Marketing enforcement","9 V.S.A. § 2458(a)","https://legislature.vermont.gov/statutes/section/09/063/02458","","","2026-09-08","true","https://medsparadar.com/states/vermont/q/who-enforces-deceptive-med-spa-marketing"
"VT","Vermont","who-may-operate-a-cosmetic-laser","Laser & energy devices","Vt. Stat. tit. 26, §1(4)(B)(ii) (Barbers and Cosmetologists — definitions)","https://legislature.vermont.gov/statutes/fullchapter/26/006","","","2026-09-03","true","https://medsparadar.com/states/vermont/q/who-may-operate-a-cosmetic-laser"
"VA","Virginia","can-a-med-spa-offer-compounded-glp-1","Compounded GLP-1","Va. Code § 54.1-3410.2(A)","https://law.lis.virginia.gov/vacode/title54.1/chapter34/section54.1-3410.2/","","","2026-09-02","true","https://medsparadar.com/states/virginia/q/can-a-med-spa-offer-compounded-glp-1"
"VA","Virginia","can-a-non-clinical-owner-take-a-percentage","Fees to a non-clinical owner","Va. Code § 54.1-2962.1","https://law.lis.virginia.gov/vacode/title54.1/chapter29/section54.1-2962.1/","","","2026-09-02","true","https://medsparadar.com/states/virginia/q/can-a-non-clinical-owner-take-a-percentage"
"VA","Virginia","can-a-non-physician-own-a-med-spa","Non-physician ownership","Va. Code § 54.1-2962.1","https://law.lis.virginia.gov/vacode/title54.1/chapter29/section54.1-2962.1/","","","2026-09-02","true","https://medsparadar.com/states/virginia/q/can-a-non-physician-own-a-med-spa"
"VA","Virginia","can-a-nurse-practitioner-work-without-a-physician","NP independence","Va. Code § 54.1-2957(B)","https://law.lis.virginia.gov/vacode/title54.1/chapter29/section54.1-2957/","","","2026-09-02","true","https://medsparadar.com/states/virginia/q/can-a-nurse-practitioner-work-without-a-physician"
"VA","Virginia","can-a-physician-assistant-inject-or-prescribe","Physician assistants","18 Va. Admin. Code § 85-20-91(C)","https://law.lis.virginia.gov/admincode/title18/agency85/chapter20/section91/","","","2026-09-02","true","https://medsparadar.com/states/virginia/q/can-a-physician-assistant-inject-or-prescribe"
"VA","Virginia","can-an-rn-inject-botox-or-filler","RN injecting","Va. Code § 54.1-2957(B)","https://law.lis.virginia.gov/vacode/title54.1/chapter29/section54.1-2957/","","","2026-09-02","true","https://medsparadar.com/states/virginia/q/can-an-rn-inject-botox-or-filler"
"VA","Virginia","can-the-exam-be-done-by-telehealth","Telehealth exams","Va. Code § 54.1-3303(B)(d), (h)","https://law.lis.virginia.gov/vacode/title54.1/chapter33/section54.1-3303/","","","2026-09-08","true","https://medsparadar.com/states/virginia/q/can-the-exam-be-done-by-telehealth"
"VA","Virginia","can-the-state-shut-down-an-unlicensed-med-spa","Shutdown powers","Va. Code § 54.1-2915(A)","https://law.lis.virginia.gov/vacode/title54.1/chapter29/section54.1-2915/","","","2026-09-02","true","https://medsparadar.com/states/virginia/q/can-the-state-shut-down-an-unlicensed-med-spa"
"VA","Virginia","does-a-med-spa-need-to-register","Registration & licensing","Va. Code § 54.1-3410.2(A)","https://law.lis.virginia.gov/vacode/title54.1/chapter34/section54.1-3410.2/","","","2026-09-02","true","https://medsparadar.com/states/virginia/q/does-a-med-spa-need-to-register"
"VA","Virginia","is-a-medical-director-required","Medical director required?","18 Va. Admin. Code § 85-20-91(A)","https://law.lis.virginia.gov/admincode/title18/agency85/chapter20/section91/","","","2026-09-02","true","https://medsparadar.com/states/virginia/q/is-a-medical-director-required"
"VA","Virginia","is-an-exam-required-before-treatment","Exam before treatment","18 Va. Admin. Code § 85-20-29(A)(1)","https://law.lis.virginia.gov/admincode/title18/agency85/chapter20/section29/","","","2026-09-02","true","https://medsparadar.com/states/virginia/q/is-an-exam-required-before-treatment"
"VA","Virginia","may-an-esthetician-perform-microneedling","Esthetician microneedling","Va. Code § 54.1-700 (definition of “esthetics”)","https://law.lis.virginia.gov/vacode/title54.1/chapter7/section54.1-700/","","","2026-09-02","true","https://medsparadar.com/states/virginia/q/may-an-esthetician-perform-microneedling"
"VA","Virginia","must-someone-be-on-site-during-treatment","On-site presence","18 Va. Admin. Code § 85-20-91(E)","https://law.lis.virginia.gov/admincode/title18/agency85/chapter20/section91/","","","2026-09-02","true","https://medsparadar.com/states/virginia/q/must-someone-be-on-site-during-treatment"
"VA","Virginia","what-business-structure-is-required","Structure limits","Va. Code § 13.1-543 (definition of “professional corporation”)","https://law.lis.virginia.gov/vacode/title13.1/chapter7/section13.1-543/","","","2026-09-02","true","https://medsparadar.com/states/virginia/q/what-business-structure-is-required"
"VA","Virginia","what-can-a-med-spa-advertise","Advertising limits","18 Va. Admin. Code § 85-20-30","https://law.lis.virginia.gov/admincode/title18/agency85/chapter20/section30/","","","2026-09-02","true","https://medsparadar.com/states/virginia/q/what-can-a-med-spa-advertise"
"VA","Virginia","what-can-a-practitioner-be-disciplined-for","Grounds for discipline","Va. Code § 54.1-2915(A)(3)","https://law.lis.virginia.gov/vacode/title54.1/chapter29/section54.1-2915/","","","2026-09-02","true","https://medsparadar.com/states/virginia/q/what-can-a-practitioner-be-disciplined-for"
"VA","Virginia","what-does-it-cost-to-open","License fees","18VAC41-70-120","https://law.lis.virginia.gov/admincode/title18/agency41/chapter70/section120/","","","2026-09-02","true","https://medsparadar.com/states/virginia/q/what-does-it-cost-to-open"
"VA","Virginia","what-happens-if-you-practice-without-a-license","Unlicensed practice","Va. Code § 54.1-2902","https://law.lis.virginia.gov/vacode/title54.1/chapter29/section54.1-2902/","","","2026-09-02","true","https://medsparadar.com/states/virginia/q/what-happens-if-you-practice-without-a-license"
"VA","Virginia","who-enforces-deceptive-med-spa-marketing","Marketing enforcement","Va. Code § 59.1-203(A)","https://law.lis.virginia.gov/vacode/title59.1/chapter17/section59.1-203/","","","2026-09-08","true","https://medsparadar.com/states/virginia/q/who-enforces-deceptive-med-spa-marketing"
"VA","Virginia","who-may-operate-a-cosmetic-laser","Laser & energy devices","18 Va. Admin. Code § 85-20-91(A)","https://law.lis.virginia.gov/admincode/title18/agency85/chapter20/section91/","","","2026-09-02","true","https://medsparadar.com/states/virginia/q/who-may-operate-a-cosmetic-laser"
"WA","Washington","can-a-med-spa-offer-compounded-glp-1","Compounded GLP-1","Wash. Rev. Code § 18.64.270(2)","https://app.leg.wa.gov/RCW/default.aspx?cite=18.64.270","","","2026-09-02","true","https://medsparadar.com/states/washington/q/can-a-med-spa-offer-compounded-glp-1"
"WA","Washington","can-a-medical-assistant-inject","Medical assistants","Wash. Admin. Code 246-919-606(11)","https://app.leg.wa.gov/WAC/default.aspx?cite=246-919-606","","","2026-09-02","true","https://medsparadar.com/states/washington/q/can-a-medical-assistant-inject"
"WA","Washington","can-a-non-clinical-owner-take-a-percentage","Fees to a non-clinical owner","Wash. Rev. Code § 19.68.010(1)","https://app.leg.wa.gov/RCW/default.aspx?cite=19.68.010","","","2026-09-02","true","https://medsparadar.com/states/washington/q/can-a-non-clinical-owner-take-a-percentage"
"WA","Washington","can-a-non-physician-own-a-med-spa","Non-physician ownership","Wash. Rev. Code § 19.68.010(1)","https://app.leg.wa.gov/RCW/default.aspx?cite=19.68.010","","","2026-09-02","true","https://medsparadar.com/states/washington/q/can-a-non-physician-own-a-med-spa"
"WA","Washington","can-a-nurse-practitioner-work-without-a-physician","NP independence","Wash. Rev. Code 18.79.050","https://app.leg.wa.gov/RCW/default.aspx?cite=18.79.050","","","2026-09-02","true","https://medsparadar.com/states/washington/q/can-a-nurse-practitioner-work-without-a-physician"
"WA","Washington","can-a-physician-assistant-inject-or-prescribe","Physician assistants","Wash. Admin. Code 246-918-125(4) and (5)","https://app.leg.wa.gov/WAC/default.aspx?cite=246-918-125","","","2026-09-02","true","https://medsparadar.com/states/washington/q/can-a-physician-assistant-inject-or-prescribe"
"WA","Washington","can-an-rn-inject-botox-or-filler","RN injecting","Wash. Rev. Code 18.79.050","https://app.leg.wa.gov/RCW/default.aspx?cite=18.79.050","","","2026-09-02","true","https://medsparadar.com/states/washington/q/can-an-rn-inject-botox-or-filler"
"WA","Washington","can-the-exam-be-done-by-telehealth","Telehealth exams","Wash. Rev. Code § 43.70.495(1)-(2) (Telemedicine training for health care professionals)","https://app.leg.wa.gov/RCW/default.aspx?cite=43.70.495","","","2026-09-08","true","https://medsparadar.com/states/washington/q/can-the-exam-be-done-by-telehealth"
"WA","Washington","can-the-state-shut-down-an-unlicensed-med-spa","Shutdown powers","Wash. Rev. Code 18.130.190(3)","https://app.leg.wa.gov/RCW/default.aspx?cite=18.130.190","","","2026-09-02","true","https://medsparadar.com/states/washington/q/can-the-state-shut-down-an-unlicensed-med-spa"
"WA","Washington","does-a-med-spa-need-to-register","Registration & licensing","Wash. Rev. Code § 18.64.011 (“compounding”)","https://app.leg.wa.gov/RCW/default.aspx?cite=18.64.011","","","2026-09-02","true","https://medsparadar.com/states/washington/q/does-a-med-spa-need-to-register"
"WA","Washington","is-a-medical-director-required","Medical director required?","Wash. Admin. Code 246-919-605(1) and (2)","https://app.leg.wa.gov/WAC/default.aspx?cite=246-919-605","","","2026-09-02","true","https://medsparadar.com/states/washington/q/is-a-medical-director-required"
"WA","Washington","is-an-exam-required-before-treatment","Exam before treatment","Wash. Admin. Code 246-919-606(5)","https://app.leg.wa.gov/WAC/default.aspx?cite=246-919-606","","","2026-09-02","true","https://medsparadar.com/states/washington/q/is-an-exam-required-before-treatment"
"WA","Washington","may-an-esthetician-perform-microneedling","Esthetician microneedling","Wash. Rev. Code § 18.16.020(30)","https://app.leg.wa.gov/rcw/default.aspx?cite=18.16.020","","","2026-09-02","true","https://medsparadar.com/states/washington/q/may-an-esthetician-perform-microneedling"
"WA","Washington","must-someone-be-on-site-during-treatment","On-site presence","Wash. Admin. Code 246-919-606(12) and (13)","https://app.leg.wa.gov/WAC/default.aspx?cite=246-919-606","","","2026-09-02","true","https://medsparadar.com/states/washington/q/must-someone-be-on-site-during-treatment"
"WA","Washington","what-business-structure-is-required","Structure limits","Wash. Rev. Code 18.100.050(1)","https://app.leg.wa.gov/RCW/default.aspx?cite=18.100.050","","","2026-09-02","true","https://medsparadar.com/states/washington/q/what-business-structure-is-required"
"WA","Washington","what-can-a-med-spa-advertise","Advertising limits","Wash. Rev. Code 18.130.180(3)","https://app.leg.wa.gov/RCW/default.aspx?cite=18.130.180","","","2026-09-02","true","https://medsparadar.com/states/washington/q/what-can-a-med-spa-advertise"
"WA","Washington","what-can-a-practitioner-be-disciplined-for","Grounds for discipline","Wash. Rev. Code 18.130.180(1) and (5)","https://app.leg.wa.gov/RCW/default.aspx?cite=18.130.180","","","2026-09-02","true","https://medsparadar.com/states/washington/q/what-can-a-practitioner-be-disciplined-for"
"WA","Washington","what-does-it-cost-to-open","License fees","Washington State Department of Licensing — Fees: Cosmetologists (accessed 2 September 2026)","https://dol.wa.gov/professional-licenses/cosmetology/fees-cosmetologists","","","2026-09-02","true","https://medsparadar.com/states/washington/q/what-does-it-cost-to-open"
"WA","Washington","what-happens-if-you-practice-without-a-license","Unlicensed practice","Wash. Rev. Code 18.130.190(1) and (2)","https://app.leg.wa.gov/RCW/default.aspx?cite=18.130.190","","","2026-09-02","true","https://medsparadar.com/states/washington/q/what-happens-if-you-practice-without-a-license"
"WA","Washington","what-must-the-supervising-physician-do","Supervising physician duties","Wash. Admin. Code 246-919-605(10)(d)","https://app.leg.wa.gov/WAC/default.aspx?cite=246-919-605","","","2026-09-02","true","https://medsparadar.com/states/washington/q/what-must-the-supervising-physician-do"
"WA","Washington","who-enforces-deceptive-med-spa-marketing","Marketing enforcement","RCW 19.86.080(1)","https://app.leg.wa.gov/RCW/default.aspx?cite=19.86.080","","","2026-09-08","true","https://medsparadar.com/states/washington/q/who-enforces-deceptive-med-spa-marketing"
"WA","Washington","who-may-operate-a-cosmetic-laser","Laser & energy devices","Wash. Admin. Code 246-919-605(1) and (2)","https://app.leg.wa.gov/WAC/default.aspx?cite=246-919-605","","","2026-09-02","true","https://medsparadar.com/states/washington/q/who-may-operate-a-cosmetic-laser"
"WV","West Virginia","can-a-med-spa-offer-compounded-glp-1","Compounded GLP-1","W. Va. Code § 30-5-4 (definition of “Compounding” — the two limbs, and which one permits sale)","https://code.wvlegislature.gov/30-5-4/","","","2026-09-06","true","https://medsparadar.com/states/west-virginia/q/can-a-med-spa-offer-compounded-glp-1"
"WV","West Virginia","can-a-non-clinical-owner-take-a-percentage","Fees to a non-clinical owner","W. Va. Code §30-3-14(c)(6)","https://code.wvlegislature.gov/30-3-14/","","","2026-09-03","true","https://medsparadar.com/states/west-virginia/q/can-a-non-clinical-owner-take-a-percentage"
"WV","West Virginia","can-a-non-physician-own-a-med-spa","Non-physician ownership","W. Va. Code §30-3-15(a)","https://code.wvlegislature.gov/30-3-15/","","","2026-09-03","true","https://medsparadar.com/states/west-virginia/q/can-a-non-physician-own-a-med-spa"
"WV","West Virginia","can-a-nurse-practitioner-work-without-a-physician","NP independence","W. Va. Code §30-7-15b(a)(3)","https://code.wvlegislature.gov/30-7-15b/","","","2026-09-03","true","https://medsparadar.com/states/west-virginia/q/can-a-nurse-practitioner-work-without-a-physician"
"WV","West Virginia","can-a-physician-assistant-inject-or-prescribe","Physician assistants","W. Va. Code §30-3E-9(a)","https://code.wvlegislature.gov/30-3E-9/","","","2026-09-03","true","https://medsparadar.com/states/west-virginia/q/can-a-physician-assistant-inject-or-prescribe"
"WV","West Virginia","can-an-rn-inject-botox-or-filler","RN injecting","W. Va. Code §30-7-15b(a)(3)","https://code.wvlegislature.gov/30-7-15b/","","","2026-09-03","true","https://medsparadar.com/states/west-virginia/q/can-an-rn-inject-botox-or-filler"
"WV","West Virginia","can-the-exam-be-done-by-telehealth","Telehealth exams","W. Va. Code §30-3-13a(c)(2)(A)","https://code.wvlegislature.gov/30-3-13a/","","","2026-09-03","true","https://medsparadar.com/states/west-virginia/q/can-the-exam-be-done-by-telehealth"
"WV","West Virginia","can-the-state-shut-down-an-unlicensed-med-spa","Shutdown powers","W. Va. Code §30-3-14(j)(1)–(4)","https://code.wvlegislature.gov/30-3-14/","","","2026-09-08","true","https://medsparadar.com/states/west-virginia/q/can-the-state-shut-down-an-unlicensed-med-spa"
"WV","West Virginia","does-a-med-spa-need-to-register","Registration & licensing","W. Va. Code § 30-5-4 (definition of “Compounding” — the two limbs, and which one permits sale)","https://code.wvlegislature.gov/30-5-4/","","","2026-09-06","true","https://medsparadar.com/states/west-virginia/q/does-a-med-spa-need-to-register"
"WV","West Virginia","is-a-medical-director-required","Medical director required?","W. Va. Code § 30-27-3(a) (aesthetics is a CLOSED list of surface acts, and none of them break skin)","https://code.wvlegislature.gov/30-27-3/","","","2026-09-07","true","https://medsparadar.com/states/west-virginia/q/is-a-medical-director-required"
"WV","West Virginia","is-an-exam-required-before-treatment","Exam before treatment","W. Va. Code §30-3-13a(c)(1)","https://code.wvlegislature.gov/30-3-13a/","","","2026-09-03","true","https://medsparadar.com/states/west-virginia/q/is-an-exam-required-before-treatment"
"WV","West Virginia","may-an-esthetician-perform-microneedling","Esthetician microneedling","W. Va. Code § 30-27-3(a) (aesthetics is a CLOSED list of surface acts, and none of them break skin)","https://code.wvlegislature.gov/30-27-3/","","","2026-09-07","true","https://medsparadar.com/states/west-virginia/q/may-an-esthetician-perform-microneedling"
"WV","West Virginia","what-business-structure-is-required","Structure limits","W. Va. Code §30-3-15(b)(2)","https://code.wvlegislature.gov/30-3-15/","","","2026-09-03","true","https://medsparadar.com/states/west-virginia/q/what-business-structure-is-required"
"WV","West Virginia","what-can-a-med-spa-advertise","Advertising limits","W. Va. Code §30-3-14(c)(3)","https://code.wvlegislature.gov/30-3-14/","","","2026-09-03","true","https://medsparadar.com/states/west-virginia/q/what-can-a-med-spa-advertise"
"WV","West Virginia","what-can-a-practitioner-be-disciplined-for","Grounds for discipline","W. Va. Code §30-3-14(c)(7)","https://code.wvlegislature.gov/30-3-14/","","","2026-09-03","true","https://medsparadar.com/states/west-virginia/q/what-can-a-practitioner-be-disciplined-for"
"WV","West Virginia","what-does-it-cost-to-open","License fees","W. Va. Code R. § 3-6-1.1, § 3-6-2.13, .15-.16 (Board of Barbers and Cosmetologists — Schedule of Fees, eff. May 22, 2025)","https://apps.sos.wv.gov/adlaw/csr/readfile.aspx?DocId=58064&Format=WORD","","","2026-09-07","true","https://medsparadar.com/states/west-virginia/q/what-does-it-cost-to-open"
"WV","West Virginia","what-happens-if-you-practice-without-a-license","Unlicensed practice","W. Va. Code §30-3-13(a), (h)","https://code.wvlegislature.gov/30-3-13/","","","2026-09-08","true","https://medsparadar.com/states/west-virginia/q/what-happens-if-you-practice-without-a-license"
"WV","West Virginia","what-must-be-reported-to-the-board","Reporting duties","W. Va. Code §30-27-17(a)","https://code.wvlegislature.gov/30-27-17/","","","2026-09-03","true","https://medsparadar.com/states/west-virginia/q/what-must-be-reported-to-the-board"
"WV","West Virginia","who-enforces-deceptive-med-spa-marketing","Marketing enforcement","W. Va. Code §46A-7-108","https://code.wvlegislature.gov/46A-7-108/","","","2026-09-08","true","https://medsparadar.com/states/west-virginia/q/who-enforces-deceptive-med-spa-marketing"
"WV","West Virginia","who-may-operate-a-cosmetic-laser","Laser & energy devices","W. Va. Code §30-3-4","https://code.wvlegislature.gov/30-3-4/","","","2026-09-03","true","https://medsparadar.com/states/west-virginia/q/who-may-operate-a-cosmetic-laser"
"WI","Wisconsin","can-a-med-spa-offer-compounded-glp-1","Compounded GLP-1","Wis. Stat. § 450.11(3)","https://docs.legis.wisconsin.gov/statutes/statutes/450/11","","","2026-09-02","true","https://medsparadar.com/states/wisconsin/q/can-a-med-spa-offer-compounded-glp-1"
"WI","Wisconsin","can-a-medical-assistant-inject","Medical assistants","Wis. Admin. Code Med § 10.03(1)(L)","https://docs.legis.wisconsin.gov/code/admin_code/med/10","","","2026-09-02","true","https://medsparadar.com/states/wisconsin/q/can-a-medical-assistant-inject"
"WI","Wisconsin","can-a-non-clinical-owner-take-a-percentage","Fees to a non-clinical owner","Wis. Stat. § 448.08(1m)","https://docs.legis.wisconsin.gov/document/statutes/448.08","","","2026-09-02","true","https://medsparadar.com/states/wisconsin/q/can-a-non-clinical-owner-take-a-percentage"
"WI","Wisconsin","can-a-non-physician-own-a-med-spa","Non-physician ownership","Wis. Stat. § 448.08(1m)","https://docs.legis.wisconsin.gov/document/statutes/448.08","","","2026-09-02","true","https://medsparadar.com/states/wisconsin/q/can-a-non-physician-own-a-med-spa"
"WI","Wisconsin","can-a-nurse-practitioner-work-without-a-physician","NP independence","Wis. Admin. Code ch. Med 10 (scope of this chapter)","https://docs.legis.wisconsin.gov/code/admin_code/med/10","","","2026-09-02","true","https://medsparadar.com/states/wisconsin/q/can-a-nurse-practitioner-work-without-a-physician"
"WI","Wisconsin","can-a-physician-assistant-inject-or-prescribe","Physician assistants","Wis. Stat. § 448.975(1)(a)-(b) (Practice of physician assistants)","https://docs.legis.wisconsin.gov/statutes/statutes/448/IX/975","","","2026-09-08","true","https://medsparadar.com/states/wisconsin/q/can-a-physician-assistant-inject-or-prescribe"
"WI","Wisconsin","can-an-rn-inject-botox-or-filler","RN injecting","Wis. Admin. Code Med §§ 10.02(1) and 10.03(1)(L)","https://docs.legis.wisconsin.gov/code/admin_code/med/10","","","2026-09-02","true","https://medsparadar.com/states/wisconsin/q/can-an-rn-inject-botox-or-filler"
"WI","Wisconsin","can-the-exam-be-done-by-telehealth","Telehealth exams","Wis. Stat. § 448.30(2)–(5)","https://docs.legis.wisconsin.gov/document/statutes/448.30","","","2026-09-02","true","https://medsparadar.com/states/wisconsin/q/can-the-exam-be-done-by-telehealth"
"WI","Wisconsin","can-the-state-shut-down-an-unlicensed-med-spa","Shutdown powers","Wis. Stat. § 448.11","https://docs.legis.wisconsin.gov/document/statutes/448.09","","","2026-09-08","true","https://medsparadar.com/states/wisconsin/q/can-the-state-shut-down-an-unlicensed-med-spa"
"WI","Wisconsin","does-a-med-spa-need-to-register","Registration & licensing","Wis. Stat. § 450.11(3)","https://docs.legis.wisconsin.gov/statutes/statutes/450/11","","","2026-09-02","true","https://medsparadar.com/states/wisconsin/q/does-a-med-spa-need-to-register"
"WI","Wisconsin","is-a-medical-director-required","Medical director required?","Wis. Admin. Code Med § 10.02(1)","https://docs.legis.wisconsin.gov/code/admin_code/med/10","","","2026-09-02","true","https://medsparadar.com/states/wisconsin/q/is-a-medical-director-required"
"WI","Wisconsin","is-an-exam-required-before-treatment","Exam before treatment","Wis. Stat. § 448.30","https://docs.legis.wisconsin.gov/document/statutes/448.30","","","2026-09-02","true","https://medsparadar.com/states/wisconsin/q/is-an-exam-required-before-treatment"
"WI","Wisconsin","may-an-esthetician-perform-microneedling","Esthetician microneedling","Wis. Admin. Code § Cos 2.025(1), (2)(d)","https://docs.legis.wisconsin.gov/code/admin_code/cos/2/025","","","2026-09-02","true","https://medsparadar.com/states/wisconsin/q/may-an-esthetician-perform-microneedling"
"WI","Wisconsin","what-business-structure-is-required","Structure limits","Wis. Stat. ch. 448 and Wis. Admin. Code ch. Med 10 (both surveyed via their indexes)","https://docs.legis.wisconsin.gov/document/statutes/448.03","","","2026-09-02","true","https://medsparadar.com/states/wisconsin/q/what-business-structure-is-required"
"WI","Wisconsin","what-can-a-med-spa-advertise","Advertising limits","Wis. Admin. Code Med § 10.03(1)(k)","https://docs.legis.wisconsin.gov/code/admin_code/med/10","","","2026-09-02","true","https://medsparadar.com/states/wisconsin/q/what-can-a-med-spa-advertise"
"WI","Wisconsin","what-can-a-practitioner-be-disciplined-for","Grounds for discipline","Wis. Admin. Code Med §§ 10.03(2)(a) and 10.03(1)(a)","https://docs.legis.wisconsin.gov/code/admin_code/med/10","","","2026-09-02","true","https://medsparadar.com/states/wisconsin/q/what-can-a-practitioner-be-disciplined-for"
"WI","Wisconsin","what-does-it-cost-to-open","License fees","Wisconsin DSPS — Renewal Dates and Fees (Health, Business, and Unarmed Combat Sports) (accessed 2 September 2026)","https://dsps.wi.gov/Credentialing/Renewal/RenewalDatesFees.pdf","","","2026-09-02","true","https://medsparadar.com/states/wisconsin/q/what-does-it-cost-to-open"
"WI","Wisconsin","what-happens-if-you-practice-without-a-license","Unlicensed practice","Wis. Stat. § 448.09(1)","https://docs.legis.wisconsin.gov/document/statutes/448.09","","","2026-09-02","true","https://medsparadar.com/states/wisconsin/q/what-happens-if-you-practice-without-a-license"
"WI","Wisconsin","what-must-the-supervising-physician-do","Supervising physician duties","Wis. Admin. Code § Cos 2.025(3)–(4)","https://docs.legis.wisconsin.gov/code/admin_code/cos/2/025","","","2026-09-08","true","https://medsparadar.com/states/wisconsin/q/what-must-the-supervising-physician-do"
"WI","Wisconsin","who-enforces-deceptive-med-spa-marketing","Marketing enforcement","Wis. Stat. § 100.18(11)(a)–(b)","https://docs.legis.wisconsin.gov/document/statutes/100.18","","","2026-09-08","true","https://medsparadar.com/states/wisconsin/q/who-enforces-deceptive-med-spa-marketing"
"WI","Wisconsin","who-may-operate-a-cosmetic-laser","Laser & energy devices","Wis. Admin. Code ch. Med 10 (surveyed via the chapter index)","https://docs.legis.wisconsin.gov/code/admin_code/med/10","","","2026-09-02","true","https://medsparadar.com/states/wisconsin/q/who-may-operate-a-cosmetic-laser"
"WY","Wyoming","can-a-med-spa-offer-compounded-glp-1","Compounded GLP-1","Wyo. Bd. of Pharmacy Rules ch. 2 § 6(d) (Requirements for issuing valid prescriptions; ref. 059.0001.2.05242023)","https://rules.wyo.gov/AjaxHandler.ashx?handler=GetRuleVersionHTML&RULE_VERSION_ID=21691","","","2026-09-07","true","https://medsparadar.com/states/wyoming/q/can-a-med-spa-offer-compounded-glp-1"
"WY","Wyoming","can-a-non-physician-own-a-med-spa","Non-physician ownership","Wyo. Stat. Ann. §17-3-104","https://wyoleg.gov/statutes/compress/title17.pdf","","","2026-09-03","true","https://medsparadar.com/states/wyoming/q/can-a-non-physician-own-a-med-spa"
"WY","Wyoming","can-a-nurse-practitioner-work-without-a-physician","NP independence","Wyo. Stat. Ann. §33-21-120(a)(i)(A)","https://wyoleg.gov/statutes/compress/title33.pdf","","","2026-09-03","true","https://medsparadar.com/states/wyoming/q/can-a-nurse-practitioner-work-without-a-physician"
"WY","Wyoming","can-a-physician-assistant-inject-or-prescribe","Physician assistants","Wyo. Stat. Ann. §33-26-502(b)","https://wyoleg.gov/statutes/compress/title33.pdf","","","2026-09-03","true","https://medsparadar.com/states/wyoming/q/can-a-physician-assistant-inject-or-prescribe"
"WY","Wyoming","can-an-rn-inject-botox-or-filler","RN injecting","Wyo. Stat. Ann. §33-21-120(a)(i)(A)","https://wyoleg.gov/statutes/compress/title33.pdf","","","2026-09-03","true","https://medsparadar.com/states/wyoming/q/can-an-rn-inject-botox-or-filler"
"WY","Wyoming","can-the-exam-be-done-by-telehealth","Telehealth exams","Wyo. Stat. Ann. §33-26-102(a)(xxix)","https://wyoleg.gov/statutes/compress/title33.pdf","","","2026-09-03","true","https://medsparadar.com/states/wyoming/q/can-the-exam-be-done-by-telehealth"
"WY","Wyoming","can-the-state-shut-down-an-unlicensed-med-spa","Shutdown powers","Wyo. Stat. Ann. §33-26-402(a)(i)","https://wyoleg.gov/statutes/compress/title33.pdf","","","2026-09-03","true","https://medsparadar.com/states/wyoming/q/can-the-state-shut-down-an-unlicensed-med-spa"
"WY","Wyoming","does-a-med-spa-need-to-register","Registration & licensing","Wyo. Stat. Ann. §33-12-120(a)(xvi)","https://wyoleg.gov/statutes/compress/title33.pdf","","","2026-09-03","true","https://medsparadar.com/states/wyoming/q/does-a-med-spa-need-to-register"
"WY","Wyoming","is-a-medical-director-required","Medical director required?","Wyo. Stat. Ann. §33-26-102(a)(xi)(A)-(B)","https://wyoleg.gov/statutes/compress/title33.pdf","","","2026-09-03","true","https://medsparadar.com/states/wyoming/q/is-a-medical-director-required"
"WY","Wyoming","is-an-exam-required-before-treatment","Exam before treatment","Wyo. Stat. Ann. §33-26-102(a)(xx)","https://wyoleg.gov/statutes/compress/title33.pdf","","","2026-09-03","true","https://medsparadar.com/states/wyoming/q/is-an-exam-required-before-treatment"
"WY","Wyoming","may-an-esthetician-perform-microneedling","Esthetician microneedling","Wyo. Bd. of Cosmetology Rules ch. 1 § 6(c)(v)-(vi) (Scope of Practice — Esthetics; ref. 033.0001.1.04012026)","https://rules.wyo.gov/AjaxHandler.ashx?handler=GetRuleVersionHTML&RULE_VERSION_ID=25322","","","2026-09-07","true","https://medsparadar.com/states/wyoming/q/may-an-esthetician-perform-microneedling"
"WY","Wyoming","what-business-structure-is-required","Structure limits","Wyo. Stat. Ann. §17-3-104","https://wyoleg.gov/statutes/compress/title17.pdf","","","2026-09-03","true","https://medsparadar.com/states/wyoming/q/what-business-structure-is-required"
"WY","Wyoming","what-can-a-med-spa-advertise","Advertising limits","Wyo. Stat. Ann. §33-26-402(a)(v)","https://wyoleg.gov/statutes/compress/title33.pdf","","","2026-09-03","true","https://medsparadar.com/states/wyoming/q/what-can-a-med-spa-advertise"
"WY","Wyoming","what-can-a-practitioner-be-disciplined-for","Grounds for discipline","Wyo. Stat. Ann. §33-26-402(a)(i)–(iv)","https://wyoleg.gov/statutes/compress/title33.pdf","","","2026-09-08","true","https://medsparadar.com/states/wyoming/q/what-can-a-practitioner-be-disciplined-for"
"WY","Wyoming","what-does-it-cost-to-open","License fees","Wyo. Bd. of Cosmetology Rules ch. 13 § 1(a)-(f) (Fees; ref. 033.0001.13.01182024)","https://rules.wyo.gov/AjaxHandler.ashx?handler=GetRuleVersionHTML&RULE_VERSION_ID=24040","","","2026-09-07","true","https://medsparadar.com/states/wyoming/q/what-does-it-cost-to-open"
"WY","Wyoming","what-happens-if-you-practice-without-a-license","Unlicensed practice","Wyo. Stat. Ann. §33-1-303(a)(iii)","https://wyoleg.gov/statutes/compress/title33.pdf","","","2026-09-03","true","https://medsparadar.com/states/wyoming/q/what-happens-if-you-practice-without-a-license"
"WY","Wyoming","who-enforces-deceptive-med-spa-marketing","Marketing enforcement","Wyo. Stat. Ann. §40-12-102(a)(vii); §40-12-106","https://wyoleg.gov/statutes/compress/title40.pdf","","","2026-09-08","true","https://medsparadar.com/states/wyoming/q/who-enforces-deceptive-med-spa-marketing"
"WY","Wyoming","who-may-operate-a-cosmetic-laser","Laser & energy devices","Wyo. Bd. of Cosmetology Rules ch. 1 § 6(c)(ii), (e) (Scope of Practice — Esthetics; Add-On Hair Removal; ref. 033.0001.1.04012026)","https://rules.wyo.gov/AjaxHandler.ashx?handler=GetRuleVersionHTML&RULE_VERSION_ID=25322","","","2026-09-08","true","https://medsparadar.com/states/wyoming/q/who-may-operate-a-cosmetic-laser"
